SENT	TOKEN	GOLD	MATCH	ARGMAX	ITERMAX	SOFTMAX	ENTMAX
0	0	[1]	[0, 1, 15]	[1]	[1]	[1]	[1]
0	1	[2]	[2]	[2]	[2]	[2]	[2]
0	2	[4]	[4]	[4]	[4]	[4]	[4]
0	3	[7, 9]	[6, 7, 9]	[7]	[6, 7]	[7]	[7]
0	4	[11]	[11]	[11]	[11]	[11]	[11]
0	5	[14]	[13, 14]	[14]	[14]	[14]	[14]
0	7	[16]	[16]	[16]	[16]	[16]	[16]
0	8	[18]	[18]	[18]	[18]	[18]	[18]
0	9	[22]	[20, 21, 22]	[22]	[22]	[22]	[22]
0	10	[19]	[15, 19]	[19]	[19]	[19]	[19]
0	11	[17]	[17]	[17]	[17]	[17]	[17]
0	13	[29]	[29]	[29]	[29]	[29]	[29]
0	14	[24]	[24]	[24]	[24]	[24]	[24]
0	15	[30]	[30]	[30]	[30]	[30]	[30]
0	16	[31]	[31]	[31]	[31]	[31]	[31]
0	17	[28]	[27, 28]	[28]	[27, 28]	[28]	[28]
0	18	[25, 26]	[25, 26]	[25]	[25, 26]	[25]	[25]
0	19	[33]	[32, 33]	[33]	[33]	[33]	[33]
0	21	[37]	[37, 38]	[38]	[37, 38]	[38]	[38]
0	22	[35]	[35]	[35]	[35]	[35]	[35]
0	23	[39]	[39]	[39]	[39]	[39]	[39]
0	24	[36]	[36]	[36]	[36]	[36]	[36]
0	25	[41]	[40, 41]	[41]	[41]	[41]	[41]
0	26	[44]	[44]	[44]	[44]	[44]	[44]
0	27	[42]	[42]	[42]	[42]	[42]	[42]
0	28	[43]	[43]	[43]	[43]	[43]	[43]
0	30	[50]	[49, 50]	[50]	[50]	[50]	[50]
0	31	[46]	[46]	[46]	[46]	[46]	[46]
0	32	[51, 52, 53]	[51, 52, 53]	[51, 53]	[51, 52, 53]	[53]	[53]
0	33	[48]	[47, 48]	[48]	[47, 48]	[48]	[48]
0	35	[55]	[55]	[55]	[55]	[55]	[55]
0	36	[57, 58]	[56, 57]	[56]	[56, 57]	[56, 57]	[56, 57]
0	37	[]	[58]	[]	[]	[]	[]
0	38	[]	[]	[]	[]	[]	[]
0	39	[59]	[59]	[59]	[59]	[59]	[59]
0	40	[61]	[60, 61]	[61]	[60, 61]	[61]	[61]
0	41	[63]	[62, 63]	[]	[]	[]	[]
0	42	[64, 66]	[64, 66]	[64]	[64]	[64]	[64]
0	43	[]	[]	[]	[]	[]	[]
0	44	[68]	[68]	[68]	[68]	[68]	[68]
0	45	[70]	[69, 70]	[70]	[69, 70]	[70]	[70]
0	46	[72]	[72]	[72]	[72]	[72]	[72]
0	47	[73]	[4, 73]	[73]	[73]	[73]	[73]
0	48	[74]	[74]	[74]	[74]	[74]	[74]
1	0	[0]	[0]	[0]	[0]	[0]	[0]
1	1	[]	[]	[]	[]	[]	[]
1	2	[1]	[1]	[1]	[1]	[1]	[1]
1	3	[10]	[9, 10, 11]	[10]	[9, 10]	[9, 10]	[10]
1	4	[4]	[3, 4]	[4]	[4]	[4]	[4]
1	5	[13]	[2]	[]	[]	[]	[]
1	6	[8, 11]	[5, 6, 7, 8]	[8]	[7, 8]	[8]	[8]
1	7	[13]	[12, 13]	[13]	[12, 13]	[13]	[13]
2	0	[3]	[2, 3]	[3]	[2, 3]	[3]	[3]
2	1	[4]	[4]	[4]	[4]	[4]	[4]
2	2	[5]	[5]	[5]	[5]	[5]	[5]
2	3	[1]	[0, 1]	[1]	[0, 1]	[1]	[1]
3	0	[1]	[1]	[1]	[1]	[1]	[1]
3	1	[0]	[0]	[0]	[0]	[0]	[0]
3	2	[6]	[4, 5, 6]	[6]	[5, 6]	[6]	[6]
3	3	[3]	[2, 3]	[3]	[3]	[2, 3]	[3]
3	4	[13]	[13]	[13]	[13]	[13]	[13]
3	5	[8]	[8]	[8]	[8]	[8]	[8]
3	6	[10]	[9, 10]	[10]	[9, 10]	[10]	[10]
3	7	[7]	[7]	[7]	[7]	[7]	[7]
3	8	[12]	[11, 12]	[12]	[12]	[12]	[12]
3	10	[20]	[18, 19, 20]	[20]	[18, 20]	[20]	[20]
3	11	[15]	[15]	[15]	[15]	[15]	[15]
3	12	[17]	[16, 17]	[17]	[16, 17]	[17]	[17]
3	14	[22]	[22]	[22]	[22]	[22]	[22]
3	15	[24]	[24, 27]	[27]	[24, 27]	[24, 27]	[27]
3	16	[26]	[26]	[26]	[26]	[26]	[26]
3	17	[32, 33]	[23, 31, 32]	[31, 32]	[31, 32]	[31, 32]	[31, 32]
3	18	[25]	[25, 33]	[25, 33]	[25, 33]	[25, 33]	[25, 33]
3	19	[28, 29, 30]	[28, 29, 30]	[30]	[29, 30]	[30]	[30]
4	0	[1]	[1]	[1]	[1]	[1]	[1]
4	1	[0]	[0]	[0]	[0]	[0]	[0]
4	2	[3]	[2, 3]	[3]	[2, 3]	[3]	[3]
4	3	[6]	[6]	[6]	[6]	[6]	[6]
4	4	[4]	[4]	[4]	[4]	[4]	[4]
4	5	[7]	[5, 7]	[7]	[7]	[7]	[7]
4	6	[10]	[8, 9, 10]	[10]	[8, 10]	[10]	[10]
4	7	[12]	[11, 12]	[12]	[11, 12]	[12]	[12]
4	8	[]	[]	[]	[]	[]	[]
4	9	[14]	[13, 14]	[14]	[13, 14]	[14]	[14]
4	10	[16]	[16]	[16]	[16]	[16]	[16]
4	11	[]	[21]	[21]	[21]	[21]	[21]
4	12	[19]	[18, 19]	[18]	[18, 19]	[18, 19]	[18]
4	13	[17]	[17]	[17]	[17]	[17]	[17]
4	15	[28]	[27, 28]	[28]	[28]	[28]	[28]
4	16	[26]	[25, 26]	[26]	[25, 26]	[26]	[26]
4	17	[22]	[22]	[22]	[22]	[22]	[22]
4	18	[24]	[23, 24]	[24]	[23, 24]	[24]	[24]
4	19	[32, 33, 34]	[31, 32, 33, 34]	[32]	[31, 32, 34]	[32]	[32]
4	20	[30]	[29, 30]	[30]	[29, 30]	[30]	[30]
4	21	[40]	[39, 40]	[40]	[39, 40]	[40]	[40]
4	22	[36]	[36]	[36]	[36]	[36]	[36]
4	23	[38]	[37, 38]	[38]	[37, 38]	[38]	[38]
4	25	[42]	[42]	[42]	[42]	[42]	[42]
4	26	[44]	[43, 44]	[44]	[44]	[44]	[44]
4	27	[45]	[45, 52]	[45]	[45]	[45]	[45]
4	28	[47]	[46, 47]	[47]	[46, 47]	[47]	[47]
4	30	[55, 56, 57]	[55, 56, 57]	[57]	[56, 57]	[57]	[57]
4	31	[49]	[49, 51]	[49]	[49]	[49]	[49]
4	32	[50, 51, 52]	[50]	[50]	[50]	[50]	[50]
4	33	[54]	[53, 54, 55]	[54]	[52, 54, 55]	[54]	[54]
4	35	[60]	[59, 60]	[60]	[60]	[60]	[60]
4	36	[63]	[61, 62, 63]	[63]	[61, 63]	[63]	[63]
5	0	[0, 1, 2]	[0, 1, 2]	[2]	[0, 1, 2]	[2]	[2]
5	1	[]	[]	[]	[4]	[]	[]
5	2	[4]	[4]	[4]	[4]	[4]	[4]
5	3	[5]	[5]	[5]	[5]	[5]	[5]
5	4	[6, 8]	[6, 8]	[8]	[8]	[6, 8]	[6, 8]
5	5	[9]	[9]	[9]	[9]	[9]	[9]
5	7	[12]	[11, 12]	[12]	[11, 12]	[12]	[12]
5	8	[]	[]	[]	[]	[]	[]
5	9	[15]	[14, 15]	[15]	[15]	[15]	[15]
5	10	[21]	[13, 21]	[13, 21]	[13, 21]	[13, 21]	[13, 21]
5	11	[20]	[19, 20]	[20]	[19, 20]	[20]	[20]
5	12	[18]	[18]	[18]	[18]	[18]	[18]
5	13	[17]	[16, 17]	[17]	[16, 17]	[17]	[17]
5	14	[24]	[22, 23, 24]	[24]	[24]	[24]	[24]
5	15	[28]	[27, 28]	[28]	[27, 28]	[28]	[28]
5	16	[26]	[25, 26]	[26]	[25, 26]	[26]	[26]
5	18	[32]	[32]	[32]	[32]	[32]	[32]
5	19	[30]	[30]	[30]	[30]	[30]	[30]
5	20	[35]	[33, 34, 35]	[33, 35]	[33, 34, 35]	[33, 35]	[33, 35]
5	21	[31]	[31]	[31]	[31]	[31]	[31]
6	0	[3]	[3]	[3]	[3]	[3]	[3]
6	1	[0]	[0]	[0]	[0]	[0]	[0]
6	2	[6]	[1, 5, 6]	[6]	[5, 6]	[6]	[6]
6	3	[4]	[4]	[4]	[4]	[4]	[4]
6	4	[2]	[2]	[2]	[2]	[2]	[2]
6	6	[10]	[10]	[10]	[10]	[10]	[10]
6	7	[8]	[8]	[8]	[8]	[8]	[8]
6	8	[11]	[11]	[11]	[11]	[11]	[11]
6	9	[9]	[9]	[9]	[9]	[9]	[9]
6	11	[14]	[12, 13, 14]	[14]	[14]	[14]	[14]
6	12	[19]	[18, 19]	[19]	[18, 19]	[19]	[19]
6	13	[17]	[15, 16, 17]	[17]	[16, 17]	[17]	[17]
6	14	[23, 24, 25]	[22, 23, 24, 25]	[23]	[23]	[23, 25]	[23]
6	15	[21]	[21]	[21]	[21]	[21]	[21]
7	0	[0]	[0]	[0]	[0]	[0]	[0]
7	1	[3]	[2, 3, 4]	[3]	[2, 3]	[3]	[3]
7	2	[]	[]	[]	[]	[]	[]
7	3	[1]	[1]	[1]	[1]	[1]	[1]
7	4	[7, 8]	[7, 8]	[7]	[7]	[7]	[7]
7	5	[6]	[5, 6]	[6]	[6]	[6]	[6]
7	6	[11]	[10, 11]	[11]	[11]	[11]	[11]
7	7	[12]	[]	[]	[]	[]	[]
7	8	[13]	[12, 13]	[13]	[12, 13]	[13]	[13]
7	9	[14]	[14]	[14]	[14]	[14]	[14]
7	10	[17]	[17]	[17]	[17]	[17]	[17]
7	11	[15]	[15]	[15]	[15]	[15]	[15]
7	12	[18]	[16, 18]	[18]	[18]	[18]	[18]
8	0	[0]	[0]	[0]	[0]	[0]	[0]
8	1	[4]	[4]	[4]	[4]	[4]	[4]
8	2	[11, 12, 13]	[11, 12, 13]	[13]	[13]	[13]	[13]
8	3	[9]	[8, 9]	[9]	[8, 9]	[9]	[9]
8	4	[5]	[1, 2, 3, 5]	[5]	[3, 5]	[5]	[5]
8	5	[7]	[6, 7]	[7]	[6, 7]	[7]	[7]
8	7	[15]	[15]	[15]	[15]	[15]	[15]
8	8	[20]	[20]	[20]	[20]	[20]	[20]
8	9	[17, 19]	[16, 17, 18, 19]	[17]	[17, 19]	[17]	[17]
8	11	[27]	[27]	[27]	[27]	[27]	[27]
8	12	[22]	[22]	[22]	[22]	[22]	[22]
8	13	[24]	[24]	[24]	[24]	[24]	[24]
8	14	[28]	[26, 28]	[28]	[28]	[28]	[28]
8	15	[23]	[23, 25]	[23]	[23]	[23]	[23]
9	0	[2]	[2]	[2]	[2]	[2]	[2]
9	1	[4]	[4]	[4]	[4]	[4]	[4]
9	2	[6, 7]	[6, 7]	[7]	[6, 7]	[7]	[7]
9	3	[11]	[11]	[]	[]	[]	[]
9	4	[1]	[1]	[1]	[1]	[1]	[1]
9	5	[9]	[9]	[9]	[9]	[9]	[9]
9	6	[12]	[10, 11, 12]	[12]	[10, 12]	[12]	[12]
9	7	[3]	[0, 3]	[3]	[0, 3]	[3]	[3]
9	8	[14]	[14]	[14]	[14]	[14]	[14]
9	9	[16]	[16]	[16]	[16]	[16]	[16]
9	10	[15]	[15]	[15]	[15]	[15]	[15]
9	11	[17]	[17]	[17]	[17]	[17]	[17]
9	12	[20]	[20]	[20]	[20]	[20]	[20]
9	13	[19]	[19]	[19]	[19]	[19]	[19]
9	14	[18]	[18]	[18]	[18]	[18]	[18]
9	16	[22]	[22]	[22]	[22]	[22]	[22]
9	17	[]	[]	[]	[]	[]	[]
9	18	[33]	[23, 33]	[33]	[23, 33]	[33]	[33]
9	19	[31]	[31]	[31]	[31]	[31]	[31]
9	20	[32]	[32]	[32]	[32]	[32]	[32]
9	21	[24]	[24, 26]	[24]	[24]	[24]	[24]
9	22	[25]	[25]	[25]	[25]	[25]	[25]
9	23	[27]	[27]	[27]	[27]	[27]	[27]
9	24	[30]	[28, 29, 30]	[30]	[28, 30]	[30]	[30]
10	0	[0]	[0]	[0]	[0]	[0]	[0]
10	1	[]	[]	[]	[]	[]	[]
10	2	[1]	[1]	[1]	[1]	[1]	[1]
10	3	[3]	[3]	[3]	[3]	[3]	[3]
10	4	[4, 5]	[2, 4, 5]	[2, 4]	[2, 4, 5]	[2, 4, 5]	[2, 4, 5]
11	0	[0]	[0]	[]	[]	[1]	[1]
11	1	[6]	[6]	[6]	[6]	[6]	[6]
11	2	[]	[]	[]	[]	[]	[]
11	3	[2, 3]	[0, 2, 3]	[3]	[2, 3]	[3]	[3]
11	4	[4]	[1, 4, 22]	[4]	[1, 4]	[4]	[4]
11	5	[8]	[5, 8, 16]	[8]	[5, 8]	[8]	[8]
11	6	[7]	[7]	[7]	[7]	[7]	[7]
11	7	[9]	[9, 17]	[9]	[9]	[9]	[9]
11	8	[11]	[11]	[11]	[11]	[11]	[11]
11	9	[12]	[12]	[12]	[12]	[12]	[12]
11	10	[14]	[14, 24, 25]	[14]	[14, 25]	[14]	[14]
11	11	[17, 18]	[15, 18, 27]	[18]	[18]	[18]	[18]
11	12	[28]	[17]	[]	[]	[17]	[17]
11	13	[22, 23, 24, 25]	[20, 21, 22]	[22]	[22]	[21, 22]	[22]
11	14	[29]	[29]	[29]	[29]	[29]	[29]
11	15	[31]	[31]	[31]	[31]	[31]	[31]
11	16	[32]	[28, 32]	[32]	[28, 32]	[32]	[32]
11	17	[30]	[23, 26, 30]	[30]	[30]	[30]	[30]
12	0	[0]	[0]	[0]	[0]	[0]	[0]
12	1	[1]	[1]	[1]	[1]	[1]	[1]
12	2	[4]	[4]	[4]	[4]	[4]	[4]
12	3	[6]	[6]	[6]	[6]	[6]	[6]
12	4	[5]	[3, 5]	[3, 5]	[3, 5]	[3, 5]	[3, 5]
12	5	[13]	[13]	[]	[]	[13]	[13]
12	6	[8]	[8]	[8]	[8]	[8]	[8]
12	7	[]	[10]	[10]	[10]	[10]	[10]
12	8	[11]	[9, 11, 12, 13]	[9, 11]	[9, 11, 13]	[9, 11, 13]	[9, 11]
13	0	[0]	[0]	[0]	[0]	[0]	[0]
13	1	[2]	[1, 2]	[2]	[1, 2]	[2]	[2]
13	3	[9, 10, 11]	[8, 9, 10, 11]	[9]	[9]	[9]	[9]
13	4	[4]	[4]	[4]	[4]	[4]	[4]
13	5	[5]	[5]	[5]	[5]	[5]	[5]
13	6	[6, 7]	[6, 7]	[7]	[6, 7]	[6, 7]	[7]
13	7	[12]	[12]	[12]	[12]	[12]	[12]
13	8	[13]	[13]	[13]	[13]	[13]	[13]
13	9	[15]	[14, 15]	[15]	[14, 15]	[15]	[15]
14	0	[1, 2]	[1, 2]	[1]	[1, 2]	[1]	[1]
14	1	[]	[0, 2]	[]	[]	[]	[]
14	2	[4]	[3, 4]	[4]	[3, 4]	[4]	[4]
14	3	[5]	[5]	[5]	[5]	[5]	[5]
14	4	[7]	[6, 7]	[7]	[7]	[7]	[7]
14	5	[10, 12]	[10, 12]	[12]	[10, 12]	[12]	[12]
14	6	[13]	[8, 9, 13]	[13]	[8, 13]	[13]	[13]
15	0	[1]	[1]	[]	[]	[1]	[]
15	1	[0]	[0]	[0]	[0]	[0]	[0]
15	2	[2]	[2, 4]	[2]	[2]	[2]	[2]
15	3	[8]	[8]	[8]	[8]	[8]	[8]
15	4	[7]	[5, 6, 7]	[7]	[5, 7]	[7]	[7]
15	5	[13]	[1, 13]	[13]	[13]	[13]	[13]
15	6	[10]	[10]	[10]	[10]	[10]	[10]
15	7	[11]	[11, 12]	[11]	[11, 12]	[11, 12]	[11]
15	8	[17]	[14, 17]	[17]	[14, 17]	[17]	[17]
15	9	[16]	[15, 16]	[16]	[16]	[16]	[16]
15	11	[19]	[19]	[19]	[19]	[19]	[19]
15	12	[20, 22]	[20, 22]	[20, 22]	[20, 22]	[20, 22]	[20, 22]
15	13	[24]	[24]	[24]	[24]	[24]	[24]
15	14	[23]	[23]	[23]	[23]	[23]	[23]
16	0	[0]	[0]	[0]	[0]	[0]	[0]
16	1	[1]	[1]	[1]	[1]	[1]	[1]
16	2	[3, 4, 5, 6, 7]	[3, 4, 5, 6, 7]	[3, 6, 7]	[3, 6, 7]	[3, 6, 7]	[3, 6, 7]
16	4	[9]	[9]	[9]	[9]	[9]	[9]
16	5	[12]	[12]	[12]	[12]	[12]	[12]
16	6	[10]	[10, 11]	[10, 11]	[10, 11]	[10, 11]	[10, 11]
16	7	[15]	[15]	[15]	[15]	[15]	[15]
16	8	[13]	[13]	[13]	[13]	[13]	[13]
16	9	[14]	[14]	[14]	[14]	[14]	[14]
16	10	[21]	[20, 21]	[21]	[20, 21]	[21]	[21]
16	11	[17]	[17]	[17]	[17]	[17]	[17]
16	12	[19]	[19]	[19]	[19]	[19]	[19]
16	13	[18]	[18]	[18]	[18]	[18]	[18]
16	15	[23, 24]	[23, 24]	[23]	[23]	[23]	[23]
16	16	[26]	[26]	[26]	[26]	[26]	[26]
16	17	[27]	[27]	[27]	[27]	[27]	[27]
16	18	[34]	[]	[]	[]	[]	[]
16	19	[35]	[33, 34, 35]	[35]	[35]	[35]	[35]
16	20	[30]	[30]	[30]	[30]	[30]	[30]
16	21	[32]	[31, 32]	[32]	[31, 32]	[32]	[32]
16	22	[29]	[28, 29]	[29]	[28, 29]	[28, 29]	[29]
16	24	[37]	[37]	[37]	[37]	[37]	[37]
16	25	[38]	[38]	[38]	[38]	[38]	[38]
16	26	[]	[]	[]	[]	[]	[]
16	27	[39]	[39]	[39]	[39]	[39]	[39]
16	28	[43]	[42, 43]	[43]	[43]	[43]	[43]
16	29	[41]	[]	[]	[]	[]	[]
16	30	[44]	[44]	[44]	[44]	[44]	[44]
16	31	[45, 47]	[45, 47]	[45]	[45]	[45]	[45]
16	32	[41]	[40, 41]	[41]	[41]	[41]	[41]
16	33	[49]	[48, 49]	[49]	[48, 49]	[49]	[49]
16	34	[50]	[50]	[50]	[50]	[50]	[50]
16	35	[51]	[51]	[51]	[51]	[51]	[51]
16	37	[54]	[54]	[54]	[54]	[54]	[54]
16	38	[]	[]	[]	[]	[]	[]
16	39	[57]	[56, 57]	[57]	[56, 57]	[57]	[57]
16	40	[53]	[53]	[]	[53]	[]	[]
16	41	[55]	[55]	[55]	[55]	[55]	[55]
17	0	[3]	[0, 3]	[3]	[0, 3]	[3]	[3]
17	1	[2]	[1, 2]	[2]	[2]	[2]	[2]
17	2	[5]	[4, 5]	[5]	[4, 5]	[5]	[5]
17	3	[6]	[6]	[6]	[6]	[6]	[6]
17	4	[8]	[8]	[8]	[8]	[8]	[8]
17	5	[9]	[7, 9]	[9]	[9]	[7, 9]	[7, 9]
18	0	[0]	[0]	[0]	[0]	[0]	[0]
18	1	[2]	[1, 2]	[2]	[1, 2]	[2]	[2]
18	2	[4]	[3, 4]	[4]	[3, 4]	[4]	[4]
18	4	[10]	[10]	[10]	[10]	[10]	[10]
18	5	[6]	[6]	[6]	[6]	[6]	[6]
18	6	[9]	[9]	[9]	[9]	[9]	[9]
18	7	[7]	[7]	[7]	[7]	[7]	[7]
18	8	[8]	[8]	[8]	[8]	[8]	[8]
18	10	[19]	[19]	[19]	[19]	[19]	[19]
18	11	[]	[18]	[]	[]	[]	[]
18	12	[12]	[12]	[]	[12]	[12]	[12]
18	13	[17]	[16, 17]	[17]	[17]	[17]	[17]
18	14	[15]	[13, 14, 15]	[15]	[14, 15]	[15]	[15]
18	15	[21]	[21]	[21]	[21]	[21]	[21]
18	16	[23]	[22, 23]	[]	[23]	[23]	[23]
18	18	[30]	[29, 30]	[30]	[30]	[30]	[30]
18	19	[28]	[26, 27, 28]	[28]	[28]	[28]	[28]
18	20	[25]	[25]	[25]	[25]	[25]	[25]
18	21	[32]	[32]	[32]	[32]	[32]	[32]
18	22	[31]	[31]	[31]	[31]	[31]	[31]
18	23	[33]	[33]	[33]	[33]	[33]	[33]
19	0	[2]	[2]	[2]	[2]	[2]	[2]
19	1	[]	[]	[]	[]	[]	[]
19	2	[]	[]	[]	[]	[]	[]
19	3	[1]	[0, 1]	[1]	[0, 1]	[1]	[1]
19	4	[3]	[3]	[3]	[3]	[3]	[3]
19	5	[5]	[4, 5, 6]	[5]	[5]	[5]	[5]
19	6	[8]	[7, 8, 9]	[]	[8]	[]	[]
19	8	[11]	[11]	[11]	[11]	[11]	[11]
19	9	[12]	[10, 12]	[12]	[12]	[12]	[12]
20	0	[1]	[1]	[1]	[1]	[1]	[1]
20	1	[0]	[0]	[0]	[0]	[0]	[0]
20	2	[2]	[2, 3]	[2]	[2, 3]	[2]	[2]
20	3	[6]	[5, 6]	[6]	[5, 6]	[6]	[6]
20	4	[4]	[4]	[4]	[4]	[4]	[4]
21	0	[2, 3]	[1, 2, 3]	[2]	[1, 2, 3]	[2]	[2]
21	1	[0]	[0]	[0]	[0]	[0]	[0]
21	2	[4]	[4, 5]	[4]	[4, 5]	[4]	[4]
21	3	[7]	[6, 7]	[7]	[7]	[7]	[7]
21	5	[10]	[]	[]	[]	[]	[]
21	6	[8]	[8]	[8]	[8]	[8]	[8]
21	7	[12]	[11, 12]	[12]	[11, 12]	[12]	[12]
21	8	[10]	[9, 10]	[9]	[9, 10]	[9]	[9]
22	0	[0]	[0]	[0]	[0]	[0]	[0]
22	1	[]	[]	[]	[]	[]	[]
22	2	[3]	[2, 3]	[3]	[3]	[3]	[3]
22	3	[1]	[1]	[1]	[1]	[1]	[1]
22	4	[6]	[5, 6]	[6]	[6]	[6]	[6]
22	5	[7]	[4, 7]	[7]	[4, 7]	[7]	[7]
23	0	[1]	[0, 1]	[1]	[1]	[1]	[1]
23	1	[]	[]	[]	[]	[]	[]
23	2	[4]	[4]	[4]	[4]	[4]	[4]
23	3	[3]	[2, 3]	[3]	[2, 3]	[3]	[3]
23	4	[5]	[5]	[5]	[5]	[5]	[5]
23	5	[8]	[6, 8]	[8]	[6, 8]	[8]	[8]
23	6	[7]	[7]	[7]	[7]	[7]	[7]
23	8	[10]	[10]	[10]	[10]	[10]	[10]
23	9	[11]	[11]	[11]	[11]	[11]	[11]
23	10	[15]	[12, 13, 14, 15]	[14]	[12, 14, 15]	[14]	[14]
23	11	[21]	[21]	[21]	[21]	[21]	[21]
23	12	[20]	[20]	[20]	[20]	[20]	[20]
23	13	[18]	[16, 17, 18, 19]	[17]	[17]	[17, 18]	[17, 18]
23	14	[24]	[23, 24]	[24]	[24]	[24]	[24]
24	0	[1]	[1]	[1]	[1]	[1]	[1]
24	1	[0]	[0]	[0]	[0]	[0]	[0]
24	2	[3]	[2, 3]	[3]	[2, 3]	[3]	[3]
24	3	[6]	[4, 5, 6]	[4, 6]	[4, 5, 6]	[4, 6]	[6]
24	4	[7]	[7]	[7]	[7]	[7]	[7]
24	5	[8]	[8]	[8]	[8]	[8]	[8]
25	0	[1, 2]	[0, 1, 2]	[1]	[1]	[1]	[1]
25	1	[]	[]	[]	[]	[]	[]
25	2	[9]	[9]	[9]	[9]	[9]	[9]
25	3	[11]	[10, 11]	[11]	[11]	[11]	[11]
25	4	[8]	[3, 8]	[8]	[8]	[8]	[8]
25	5	[4]	[4]	[4]	[4]	[4]	[4]
25	6	[7]	[5, 6, 7]	[5, 7]	[5, 6, 7]	[5, 7]	[5, 7]
25	8	[15]	[14, 15]	[15]	[14, 15]	[15]	[15]
25	9	[16]	[16]	[16]	[16]	[16]	[16]
25	10	[13]	[13]	[13]	[13]	[13]	[13]
25	11	[22]	[21, 22]	[22]	[22]	[22]	[22]
25	12	[]	[]	[]	[]	[]	[]
25	13	[18]	[18]	[18]	[18]	[18]	[18]
25	14	[20]	[19, 20]	[20]	[19, 20]	[20]	[20]
25	15	[17]	[17]	[17]	[17]	[17]	[17]
26	0	[13]	[1, 11]	[11]	[11]	[11]	[11]
26	1	[0]	[0, 2]	[0]	[0]	[0]	[0]
26	2	[12]	[12]	[12]	[12]	[12]	[12]
26	3	[14]	[13, 14]	[14]	[13, 14]	[14]	[14]
26	4	[10]	[9, 10]	[10]	[9, 10]	[10]	[10]
26	5	[2]	[2]	[2]	[2]	[2]	[2]
26	6	[4, 6]	[4, 6]	[4, 6]	[4, 6]	[4, 6]	[4, 6]
26	7	[7]	[7]	[7]	[7]	[7]	[7]
27	0	[2]	[1, 2]	[2]	[2]	[2]	[2]
27	1	[0]	[0]	[0]	[0]	[0]	[0]
27	2	[4]	[3, 4]	[4]	[4]	[4]	[4]
27	4	[6]	[6]	[6]	[6]	[6]	[6]
27	5	[]	[]	[]	[]	[]	[]
27	6	[10]	[9, 10]	[10]	[10]	[10]	[10]
27	7	[8]	[7, 8]	[8]	[7, 8]	[8]	[8]
28	0	[1]	[1]	[1]	[1]	[1]	[1]
28	1	[]	[]	[]	[]	[]	[]
28	2	[0]	[0]	[0]	[0]	[0]	[0]
28	3	[]	[]	[]	[]	[]	[]
28	4	[3]	[2, 3]	[3]	[3]	[3]	[3]
28	5	[5, 6]	[5, 6]	[6]	[5, 6]	[6]	[6]
28	6	[4]	[4]	[4]	[4]	[4]	[4]
28	7	[5, 6]	[5]	[]	[]	[5]	[5]
28	9	[9]	[8, 9]	[9]	[8, 9]	[9]	[9]
28	10	[11]	[]	[]	[]	[]	[]
28	11	[10]	[10]	[10]	[10]	[10]	[10]
28	12	[12]	[11, 12]	[12]	[12]	[12]	[12]
28	13	[15]	[15]	[15]	[15]	[15]	[15]
28	14	[13]	[13, 15]	[13]	[13]	[13]	[13]
28	15	[16]	[16]	[16]	[16]	[16]	[16]
29	0	[0, 1, 2]	[0, 1, 2]	[2]	[1, 2]	[2]	[2]
29	1	[4]	[4]	[4]	[4]	[4]	[4]
29	2	[7]	[7]	[7]	[7]	[7]	[7]
29	3	[9, 10]	[12, 13, 14]	[12, 13]	[12, 13]	[12, 13]	[12, 13]
29	4	[6]	[5, 6]	[6]	[5, 6]	[6]	[6]
29	5	[14]	[10]	[]	[14]	[]	[]
29	6	[12, 13]	[8, 9]	[]	[9]	[]	[]
29	8	[]	[16]	[]	[16]	[]	[]
29	9	[]	[]	[]	[]	[16]	[]
29	10	[20]	[20]	[20]	[20]	[20]	[20]
29	11	[18]	[18]	[18]	[18]	[18]	[18]
29	12	[19]	[17, 19]	[19]	[17, 19]	[19]	[19]
29	14	[22]	[22]	[22]	[22]	[22]	[22]
29	15	[]	[]	[]	[]	[]	[]
29	16	[26]	[26]	[26]	[26]	[26]	[26]
29	17	[23]	[23]	[23]	[23]	[23]	[23]
29	18	[]	[]	[]	[]	[]	[]
29	19	[29]	[27, 28, 29]	[27]	[27, 28]	[27]	[27]
29	20	[24]	[24]	[24]	[24]	[24]	[24]
29	21	[25]	[25, 29]	[25]	[25]	[25]	[25]
29	22	[31]	[30, 31]	[31]	[30, 31]	[31]	[31]
30	0	[0]	[0]	[0]	[0]	[0]	[0]
30	1	[1]	[1, 3]	[1]	[1]	[1]	[1]
30	2	[]	[]	[]	[]	[]	[]
30	3	[6]	[6, 12]	[6]	[6]	[6]	[6]
30	4	[7]	[7]	[7]	[7]	[7]	[7]
30	5	[5]	[4, 5]	[4, 5]	[4, 5]	[4, 5]	[4, 5]
30	6	[8]	[8]	[]	[8]	[8]	[8]
30	7	[9]	[9]	[]	[9]	[9]	[9]
30	8	[11]	[11]	[11]	[11]	[11]	[11]
30	9	[]	[]	[]	[]	[]	[]
30	10	[13, 14, 15]	[13, 14, 15]	[13, 15]	[13, 15]	[13, 15]	[13, 15]
30	12	[20]	[]	[]	[20]	[]	[]
30	13	[17]	[17]	[17]	[17]	[17]	[17]
30	14	[]	[20]	[20]	[20]	[20]	[20]
30	15	[19]	[18, 19]	[19]	[18, 19]	[19]	[19]
30	16	[22]	[22]	[22]	[22]	[22]	[22]
30	17	[23]	[23]	[23]	[23]	[23]	[23]
30	18	[21]	[21]	[21]	[21]	[21]	[21]
30	20	[25]	[25]	[25]	[25]	[25]	[25]
30	21	[]	[26]	[26]	[26]	[26]	[26]
30	22	[27]	[27]	[27]	[27]	[27]	[27]
30	23	[28]	[]	[]	[28]	[]	[]
30	24	[28]	[28]	[28]	[28]	[28]	[28]
30	25	[32]	[32]	[32]	[32]	[32]	[32]
30	26	[33]	[31, 33, 38]	[31]	[31, 33]	[31, 33]	[31, 33]
30	27	[29]	[29]	[29]	[29]	[29]	[29]
30	28	[30]	[30]	[30]	[30]	[30]	[30]
30	30	[35]	[35]	[35]	[35]	[35]	[35]
30	31	[]	[]	[]	[]	[]	[]
30	32	[36]	[36, 49]	[49]	[36, 49]	[49]	[49]
30	33	[]	[]	[]	[]	[]	[]
30	34	[41]	[39, 40, 41]	[41]	[41]	[41]	[41]
30	35	[37, 38]	[37, 51]	[37]	[37]	[37, 51]	[37]
30	36	[42]	[42]	[42]	[42]	[42]	[42]
30	37	[44]	[43, 44]	[44]	[44]	[44]	[44]
30	39	[]	[46, 47]	[47]	[46, 47]	[46, 47]	[47]
30	40	[]	[48]	[]	[48]	[48]	[48]
30	41	[]	[]	[]	[]	[]	[]
30	42	[55]	[54, 55, 57]	[55]	[55]	[55]	[55]
30	43	[53]	[52, 53]	[53]	[52, 53]	[53]	[53]
30	44	[58]	[57, 58]	[58]	[58]	[58]	[58]
30	45	[56]	[56, 60]	[56]	[56, 60]	[56]	[56]
30	46	[57]	[57]	[57]	[57]	[57]	[57]
30	47	[61, 62]	[61, 62]	[61, 62]	[61, 62]	[61, 62]	[61, 62]
30	48	[51]	[]	[]	[]	[]	[]
30	49	[69]	[68, 69]	[69]	[68, 69]	[69]	[69]
30	50	[68]	[]	[]	[66]	[]	[]
30	51	[67]	[66, 67]	[67]	[67]	[67]	[67]
30	52	[64, 65]	[50, 63, 64, 65]	[64]	[64]	[64]	[64]
31	0	[]	[]	[]	[]	[]	[]
31	1	[1]	[0, 1]	[1]	[1]	[1]	[1]
31	2	[]	[]	[]	[]	[]	[]
31	3	[3]	[3]	[3]	[3]	[3]	[3]
31	4	[4]	[2, 4]	[4]	[4]	[4]	[4]
31	5	[7]	[]	[]	[]	[]	[]
31	6	[]	[]	[]	[]	[]	[]
31	7	[6]	[5, 6, 7]	[6]	[6, 7]	[6]	[6]
32	0	[2]	[1, 2]	[2]	[1, 2]	[2]	[2]
32	1	[0]	[0]	[0]	[0]	[0]	[0]
32	2	[3]	[3]	[3]	[3]	[3]	[3]
32	3	[4]	[4]	[4]	[4]	[4]	[4]
32	4	[5, 6, 7]	[5, 6, 7]	[7]	[6, 7]	[7]	[7]
32	5	[13, 15]	[12, 13, 15]	[13, 15]	[13, 15]	[13, 15]	[13, 15]
32	6	[9]	[]	[]	[]	[]	[]
32	7	[11]	[9, 10, 11]	[11]	[10, 11]	[11]	[11]
32	9	[17]	[17]	[17]	[17]	[17]	[17]
32	10	[18]	[18]	[18]	[18]	[18]	[18]
32	11	[20]	[19, 20]	[19]	[19, 20]	[19, 20]	[19]
32	12	[]	[21]	[]	[]	[]	[]
32	13	[22]	[22, 28]	[22]	[22, 28]	[22]	[22]
32	14	[25]	[25]	[24, 25]	[24, 25]	[24, 25]	[24, 25]
32	15	[24]	[24, 30]	[30]	[30]	[24, 30]	[30]
32	16	[]	[26, 27, 31]	[]	[]	[]	[]
32	17	[34]	[34]	[34]	[34]	[34]	[34]
32	18	[30]	[]	[]	[]	[]	[]
32	19	[33]	[32, 33]	[33]	[32, 33]	[33]	[33]
32	21	[36]	[36]	[36]	[36]	[36]	[36]
32	22	[41]	[41, 51]	[]	[]	[]	[]
32	23	[39]	[37, 38, 39]	[39]	[39]	[39]	[39]
32	24	[44]	[42, 43, 44]	[44]	[42, 44]	[44]	[44]
32	25	[46]	[40, 46]	[46]	[46]	[46]	[46]
32	26	[45]	[45]	[45]	[45]	[45]	[45]
32	27	[48, 49]	[48, 49]	[49]	[49]	[49]	[49]
32	28	[47]	[47]	[47]	[47]	[47]	[47]
32	29	[50, 51]	[50, 51]	[50, 51]	[50, 51]	[50, 51]	[50, 51]
32	31	[52]	[52]	[52]	[52]	[52]	[52]
32	32	[58]	[57, 58]	[58]	[57, 58]	[58]	[58]
32	33	[56]	[55, 56]	[56]	[56]	[56]	[56]
32	34	[53]	[53, 56]	[53]	[53]	[53]	[53]
32	35	[54]	[54]	[54]	[54]	[54]	[54]
33	0	[0]	[0]	[0]	[0]	[0]	[0]
33	1	[]	[6]	[]	[]	[11]	[11]
33	2	[2]	[]	[]	[]	[]	[]
33	3	[3]	[1, 2, 3]	[3]	[1, 3]	[3]	[3]
33	4	[4, 5, 6]	[4, 5, 6]	[4]	[4]	[4]	[4]
33	5	[8]	[8]	[8]	[8]	[8]	[8]
33	6	[9]	[9, 10, 11]	[9]	[9, 10]	[9]	[9]
34	0	[]	[]	[]	[]	[]	[]
34	1	[0]	[0, 3]	[0]	[0]	[0]	[0]
34	2	[7]	[2, 6, 7]	[7]	[6, 7]	[7]	[7]
34	3	[8]	[8]	[8]	[8]	[8]	[8]
34	4	[4]	[4]	[4]	[4]	[4]	[4]
34	5	[2]	[2]	[2]	[2]	[2]	[2]
34	6	[9]	[9]	[9]	[9]	[9]	[9]
34	7	[11]	[10, 11]	[11]	[10, 11]	[11]	[11]
34	8	[13]	[12, 13]	[13]	[12, 13]	[13]	[13]
34	9	[18, 19, 20]	[18, 19, 20]	[20]	[18, 20]	[18, 20]	[18, 20]
34	10	[16]	[15, 16, 17, 18]	[16, 18]	[16, 18]	[16, 18]	[16, 18]
35	0	[]	[]	[]	[]	[0]	[]
35	1	[0]	[0]	[0]	[0]	[0]	[0]
35	2	[1]	[1]	[]	[1]	[1]	[1]
35	3	[3]	[2, 3]	[3]	[2, 3]	[3]	[3]
36	0	[]	[6]	[6]	[6]	[6]	[6]
36	1	[0]	[0]	[0]	[0]	[0]	[0]
36	2	[1, 2]	[1, 2]	[2]	[1, 2]	[1, 2]	[1, 2]
36	3	[3]	[3]	[3]	[3]	[3]	[3]
36	4	[]	[10]	[10]	[10]	[10]	[10]
36	5	[4]	[4, 5]	[4]	[4]	[4]	[4]
36	6	[5]	[8]	[8]	[8]	[8]	[8]
36	7	[]	[]	[]	[]	[]	[]
36	8	[10]	[]	[]	[]	[]	[]
36	9	[8]	[]	[]	[8]	[8]	[]
36	10	[12]	[11, 12]	[12]	[11, 12]	[11, 12]	[12]
36	11	[13]	[13]	[13]	[13]	[13]	[13]
36	12	[15, 16, 17]	[14, 15, 16, 17]	[17]	[14, 15, 17]	[17]	[17]
36	13	[9]	[7, 9]	[9]	[7, 9]	[9]	[9]
37	0	[]	[]	[]	[]	[]	[]
37	1	[0]	[0]	[0]	[0]	[0]	[0]
37	2	[2]	[1, 2]	[2]	[1, 2]	[2]	[2]
37	3	[7]	[6, 7]	[7]	[6, 7]	[7]	[7]
37	4	[5]	[3, 4, 5]	[5]	[3, 5]	[5]	[5]
37	6	[8]	[8]	[8]	[8]	[8]	[8]
37	7	[10]	[10]	[10]	[10]	[10]	[10]
37	8	[12]	[11, 12]	[12]	[12]	[12]	[12]
37	9	[14]	[13, 14]	[14]	[13, 14]	[14]	[14]
37	10	[9]	[9]	[9]	[9]	[9]	[9]
37	11	[16]	[16]	[16]	[16]	[16]	[16]
37	12	[17]	[17, 18]	[17, 18]	[17, 18]	[17, 18]	[17]
37	13	[20]	[20]	[20]	[20]	[20]	[20]
37	14	[19]	[19]	[19]	[19]	[19]	[19]
38	0	[1]	[1, 2]	[1]	[1]	[1]	[1]
38	1	[0]	[0]	[0]	[0]	[0]	[0]
38	2	[4]	[3, 4]	[4]	[3, 4]	[4]	[4]
38	3	[6]	[6]	[6]	[6]	[6]	[6]
38	4	[9]	[7, 8, 9]	[9]	[8, 9]	[9]	[9]
38	5	[13]	[10, 11, 13]	[13]	[11, 13]	[13]	[13]
38	6	[12]	[12]	[12]	[12]	[12]	[12]
39	0	[1]	[0, 1]	[1]	[1]	[1]	[1]
39	1	[0]	[7]	[]	[0]	[]	[]
39	2	[]	[]	[]	[]	[]	[]
39	3	[]	[]	[]	[]	[]	[]
39	4	[6]	[6]	[6]	[6]	[6]	[6]
39	5	[]	[]	[]	[]	[]	[]
39	6	[]	[]	[]	[]	[]	[]
39	7	[9]	[2, 5, 8, 9]	[5]	[5, 8, 9]	[5, 8]	[5, 8]
39	8	[3, 4]	[3, 4]	[3]	[3]	[3]	[3]
39	10	[11]	[11, 13]	[11]	[11]	[11]	[11]
39	11	[]	[]	[]	[]	[]	[]
39	12	[]	[]	[]	[]	[]	[]
39	13	[12]	[12]	[12]	[12]	[12]	[12]
39	14	[14]	[14]	[14]	[14]	[14]	[14]
39	15	[15]	[15]	[15]	[15]	[15]	[15]
39	17	[19]	[15, 19]	[19]	[19]	[19]	[19]
39	18	[21, 23, 24]	[21, 24]	[21]	[21]	[21, 24]	[21]
39	20	[16]	[16, 23]	[16]	[16]	[16]	[16]
39	21	[18]	[18]	[18]	[18]	[18]	[18]
39	22	[17]	[17, 20]	[17]	[17]	[17]	[17]
40	0	[4]	[4]	[]	[4]	[]	[]
40	1	[1]	[1]	[1]	[1]	[1]	[1]
40	2	[0]	[0, 6]	[0]	[0]	[0]	[0]
40	3	[3]	[3]	[3]	[3]	[3]	[3]
40	4	[7]	[7]	[7]	[7]	[7]	[7]
40	5	[6, 8]	[5, 8]	[5, 8]	[5, 6, 8]	[5, 8]	[5, 8]
41	0	[3]	[2, 3]	[3]	[2, 3]	[3]	[3]
41	1	[]	[]	[]	[]	[]	[]
41	2	[1]	[0, 1]	[0]	[0, 1]	[0, 1]	[0, 1]
41	3	[4]	[4]	[4]	[4]	[4]	[4]
41	4	[7]	[7]	[7]	[7]	[7]	[7]
41	5	[5]	[5, 7]	[5]	[5]	[5]	[5]
41	6	[8]	[8]	[8]	[8]	[8]	[8]
42	0	[0, 1]	[0, 1]	[1]	[0, 1]	[0, 1]	[0, 1]
42	1	[]	[]	[]	[]	[]	[]
42	2	[4, 5]	[3, 4, 5]	[4]	[4, 5]	[4]	[4]
42	3	[7]	[7]	[7]	[7]	[7]	[7]
42	4	[6]	[6]	[6]	[6]	[6]	[]
42	5	[6]	[]	[]	[6]	[6]	[6]
42	6	[9]	[8, 9]	[9]	[8, 9]	[9]	[9]
43	0	[]	[]	[]	[]	[]	[]
43	1	[1]	[1, 5]	[1]	[1]	[1]	[1]
43	2	[0]	[0]	[0]	[0]	[0]	[0]
43	3	[2]	[2]	[2]	[2]	[2]	[2]
43	4	[6]	[6]	[6]	[6]	[6]	[6]
43	5	[4]	[4]	[4]	[4]	[4]	[4]
43	7	[9]	[8, 9]	[9]	[8, 9]	[9]	[9]
43	8	[]	[]	[]	[]	[]	[]
43	9	[10]	[10, 16]	[10]	[10, 16]	[10]	[10]
43	10	[12]	[12]	[12]	[12]	[12]	[12]
43	11	[14]	[14]	[14]	[14]	[14]	[14]
43	12	[21]	[19, 20, 21]	[21]	[21]	[21]	[21]
43	13	[18]	[18]	[18]	[18]	[18]	[18]
43	14	[17]	[14, 15, 17]	[14]	[14, 17]	[14, 17]	[14, 17]
43	16	[23]	[23]	[23]	[23]	[23]	[23]
43	17	[24]	[24]	[24]	[24]	[24]	[24]
43	18	[27]	[27]	[27]	[27]	[27]	[27]
43	19	[28]	[26, 28]	[28]	[26, 28]	[28]	[28]
43	20	[29]	[29]	[29]	[29]	[29]	[29]
43	21	[32]	[32, 49]	[32]	[32]	[32]	[32]
43	22	[34]	[33, 34]	[34]	[33, 34]	[34]	[34]
43	23	[30, 31]	[30, 31]	[30]	[30, 31]	[30, 31]	[30]
43	24	[41]	[40, 41]	[41]	[40, 41]	[41]	[41]
43	25	[44]	[36, 37]	[36, 37]	[36, 37]	[36, 37]	[36, 37]
43	26	[42]	[42]	[42]	[42]	[42]	[42]
43	27	[45]	[43, 44, 45]	[45]	[45]	[45]	[45]
43	28	[38]	[38, 44]	[38]	[38, 44]	[38]	[38]
43	29	[39]	[39]	[39]	[39]	[39]	[39]
43	30	[37]	[]	[]	[]	[]	[]
43	31	[51, 52]	[50, 51, 52]	[51]	[51, 52]	[51]	[51]
43	32	[55]	[53, 54, 55]	[55]	[55]	[55]	[55]
43	34	[57]	[47, 48]	[57]	[47, 57]	[57]	[57]
43	35	[58]	[57, 58]	[]	[58]	[]	[]
43	36	[59]	[59]	[59]	[59]	[59]	[59]
43	37	[62]	[62]	[62]	[62]	[62]	[62]
43	38	[61]	[60, 61]	[60, 61]	[60, 61]	[60, 61]	[60, 61]
43	40	[64]	[64]	[64]	[64]	[64]	[64]
43	41	[65]	[65]	[65]	[65]	[65]	[65]
43	42	[69]	[69]	[69]	[69]	[69]	[69]
43	43	[71]	[70, 71]	[71]	[70, 71]	[71]	[71]
43	44	[74]	[72, 73, 74]	[74]	[72, 74]	[72, 74]	[74]
43	45	[66]	[66]	[66]	[66]	[66]	[66]
43	46	[68]	[67, 68]	[68]	[67, 68]	[68]	[68]
44	0	[]	[]	[]	[]	[]	[]
44	1	[0]	[0]	[0]	[0]	[0]	[0]
44	2	[]	[]	[]	[0]	[]	[]
44	3	[4, 5]	[4, 5]	[5]	[4, 5]	[4, 5]	[5]
44	4	[7]	[7]	[7]	[7]	[7]	[7]
44	5	[8]	[8]	[8]	[8]	[8]	[8]
44	6	[3]	[1, 3]	[3]	[3]	[3]	[3]
44	7	[2]	[2]	[2]	[2]	[2]	[2]
45	0	[2]	[2]	[2]	[2]	[2]	[2]
45	1	[]	[0, 1]	[]	[1]	[]	[]
45	2	[3]	[3]	[3]	[3]	[3]	[3]
45	3	[9]	[8, 9]	[9]	[8, 9]	[9]	[9]
45	4	[]	[]	[]	[]	[]	[]
45	5	[7]	[5, 6, 7, 11]	[7]	[7]	[7]	[7]
45	6	[10, 11]	[10]	[10]	[10]	[10]	[10]
45	7	[13]	[13]	[13]	[13]	[13]	[13]
45	8	[13]	[]	[]	[]	[]	[]
45	9	[17]	[14, 15, 16, 17]	[17]	[15, 17]	[17]	[17]
45	11	[19]	[19]	[19]	[19]	[19]	[19]
45	12	[20, 21]	[4, 20, 21]	[20]	[20, 21]	[20]	[20]
45	13	[23]	[22, 23]	[23]	[23]	[23]	[23]
45	14	[24]	[24]	[24]	[24]	[24]	[24]
45	15	[26]	[26]	[26]	[26]	[26]	[26]
45	16	[25]	[25]	[25]	[25]	[25]	[25]
45	18	[30]	[30]	[30]	[30]	[30]	[30]
45	19	[28]	[28]	[28]	[28]	[28]	[28]
45	20	[31]	[31]	[31]	[31]	[31]	[31]
45	21	[33]	[32, 33]	[33]	[33]	[33]	[33]
45	22	[34]	[34]	[34]	[34]	[34]	[34]
45	23	[34]	[]	[]	[]	[30]	[30]
45	24	[35]	[29, 35]	[35]	[29, 35]	[35]	[35]
45	25	[37]	[36, 37]	[37]	[37]	[37]	[37]
45	27	[41]	[39, 40, 41]	[40, 41]	[39, 40, 41]	[40, 41]	[40, 41]
45	28	[]	[]	[]	[]	[]	[]
45	29	[50]	[43, 50, 55]	[50]	[50]	[50]	[50]
45	30	[49]	[42, 48, 49]	[49]	[48, 49]	[49]	[49]
45	31	[43, 44, 45, 46, 47]	[44, 45, 46, 47]	[47]	[47]	[45, 47]	[45, 47]
45	32	[51]	[51]	[51]	[51]	[51]	[51]
45	33	[53]	[52, 53]	[53]	[53]	[53]	[53]
45	34	[54]	[54]	[54]	[52, 54]	[54]	[54]
46	0	[2]	[2]	[2]	[2]	[2]	[2]
46	1	[]	[]	[]	[]	[]	[]
46	2	[0]	[0]	[0]	[0]	[0]	[0]
46	3	[]	[]	[]	[]	[]	[]
46	4	[]	[]	[]	[]	[]	[]
46	5	[7]	[5, 6, 7]	[7]	[7]	[7]	[7]
46	6	[9]	[9]	[9]	[9]	[9]	[9]
46	7	[10]	[8, 10]	[10]	[10]	[10]	[10]
46	8	[3, 4]	[1, 3, 4]	[3]	[3, 4]	[3]	[3]
46	9	[12]	[12]	[12]	[12]	[12]	[12]
46	10	[]	[]	[]	[]	[]	[]
46	11	[15]	[16]	[16]	[16]	[16]	[16]
46	12	[19]	[17, 19]	[19]	[19]	[19]	[19]
46	13	[18]	[18]	[18]	[18]	[18]	[18]
46	14	[14]	[13, 14, 15]	[13]	[13, 14]	[13, 14]	[13, 14]
46	15	[21, 23]	[21, 23]	[21, 23]	[21, 23]	[21, 23]	[21, 23]
46	16	[24]	[20, 24]	[24]	[20, 24]	[24]	[24]
46	17	[26]	[26, 28]	[26, 28]	[26, 28]	[26, 28]	[26, 28]
46	18	[28]	[28]	[28]	[28]	[28]	[28]
46	20	[31]	[31]	[31]	[31]	[31]	[31]
46	21	[30]	[30]	[30]	[30]	[30]	[30]
46	22	[33]	[33]	[33]	[33]	[33]	[33]
46	23	[34]	[32, 34]	[34]	[34]	[34]	[34]
46	24	[35]	[35]	[35]	[35]	[35]	[35]
46	25	[36]	[36]	[36]	[36]	[36]	[36]
47	0	[0]	[0]	[0]	[0]	[0]	[0]
47	1	[]	[2]	[2]	[2]	[2]	[2]
47	2	[6]	[6]	[6]	[6]	[6]	[6]
47	3	[3]	[3, 4]	[]	[]	[3]	[3]
47	4	[5]	[1, 3, 5]	[1, 5]	[1, 3, 5]	[1, 5]	[1, 5]
48	0	[0]	[]	[]	[]	[]	[]
48	1	[1]	[0, 1]	[1]	[1]	[1]	[1]
48	2	[]	[]	[]	[]	[]	[]
48	3	[3]	[3]	[3]	[3]	[3]	[3]
48	4	[4]	[2, 4]	[4]	[4]	[4]	[4]
48	5	[7]	[]	[]	[]	[]	[]
48	6	[]	[]	[]	[]	[]	[]
48	7	[6]	[5, 6, 7]	[6]	[6, 7]	[6]	[6]
49	0	[2]	[1, 2]	[2]	[1, 2]	[2]	[2]
49	1	[0]	[0]	[0]	[0]	[0]	[0]
49	2	[3]	[3]	[3]	[3]	[3]	[3]
49	3	[5]	[4, 5]	[5]	[5]	[5]	[5]
49	4	[7, 8, 9]	[7, 8, 9]	[9]	[8, 9]	[9]	[9]
49	5	[11]	[11, 13, 16]	[11]	[11]	[11]	[11]
49	6	[13]	[13]	[13]	[13]	[13]	[13]
49	7	[14]	[14]	[14]	[14]	[14]	[14]
49	8	[16, 17]	[16, 17]	[17]	[16, 17]	[17]	[17]
50	0	[1]	[0, 1]	[]	[1]	[1]	[1]
50	1	[]	[]	[]	[]	[]	[]
50	2	[6]	[6]	[6]	[6]	[6]	[6]
50	3	[4]	[2, 4]	[4]	[4]	[4]	[4]
50	4	[3]	[3]	[3]	[3]	[3]	[3]
50	5	[7]	[5, 7]	[7]	[5, 7]	[5, 7]	[7]
50	7	[11]	[11]	[11]	[11]	[11]	[11]
50	8	[9]	[9]	[9]	[9]	[9]	[9]
50	9	[10]	[10]	[10]	[10]	[10]	[10]
50	10	[15]	[15]	[15]	[15]	[15]	[15]
50	11	[14]	[13, 14]	[14]	[13, 14]	[14]	[14]
50	12	[12]	[12]	[12]	[12]	[12]	[12]
51	0	[1]	[0, 1]	[1]	[1]	[1]	[1]
51	1	[2, 3, 4]	[2, 3, 4]	[2]	[2]	[2]	[2]
51	2	[12]	[12]	[12]	[12]	[12]	[12]
51	3	[9, 10, 11]	[8, 9, 10, 11]	[]	[]	[10, 11]	[10]
51	4	[6]	[5, 6, 11]	[6]	[6]	[6]	[6]
52	0	[0]	[0]	[0]	[0]	[0]	[0]
52	1	[2]	[1, 2]	[2]	[2]	[2]	[2]
52	2	[4]	[4]	[4]	[4]	[]	[]
52	3	[4]	[]	[]	[]	[]	[]
52	4	[5]	[5]	[]	[5]	[4]	[4]
52	5	[10]	[9, 10]	[10]	[9, 10]	[10]	[10]
52	6	[11]	[11]	[11]	[11]	[11]	[11]
52	7	[12]	[12, 13]	[13]	[12, 13]	[13]	[13]
52	8	[8]	[6, 7, 8]	[8]	[8]	[8]	[8]
53	0	[0]	[0]	[0]	[0]	[0]	[0]
53	1	[5]	[5]	[5]	[5]	[5]	[5]
53	2	[]	[]	[]	[]	[]	[]
53	3	[2]	[2, 3]	[2]	[2]	[2]	[2]
53	4	[1]	[1]	[1]	[1]	[1]	[1]
53	5	[3]	[3]	[]	[3]	[3]	[3]
53	6	[6]	[4, 6]	[6]	[4, 6]	[6]	[6]
53	7	[8]	[7, 8]	[8]	[8]	[8]	[8]
53	9	[14]	[13, 14]	[14]	[13, 14]	[14]	[14]
53	10	[10]	[10]	[10]	[10]	[10]	[10]
53	11	[17]	[17]	[17]	[17]	[17]	[17]
53	12	[11]	[11]	[11]	[11]	[11]	[11]
53	13	[18]	[18]	[18]	[18]	[18]	[18]
53	14	[19]	[15, 16, 19]	[19]	[16, 19]	[19]	[19]
53	15	[12]	[12]	[12]	[12]	[12]	[12]
53	16	[21]	[21]	[21]	[21]	[21]	[21]
53	17	[21]	[]	[]	[]	[21]	[]
53	18	[22, 23, 24]	[22, 23, 24]	[22, 24]	[22, 23, 24]	[22, 24]	[22, 24]
54	0	[0]	[0]	[0]	[0]	[0]	[0]
54	1	[1]	[1]	[1]	[1]	[1]	[1]
54	2	[2]	[2]	[2]	[2]	[2]	[2]
54	3	[4]	[3, 4]	[4]	[4]	[4]	[4]
54	4	[8]	[8, 14, 16]	[14]	[8, 14]	[8, 14]	[8, 14]
54	5	[6]	[5, 6, 7, 8]	[5, 6]	[5, 6, 8]	[5, 6]	[5, 6]
54	6	[9]	[9]	[9]	[9]	[9]	[9]
54	7	[]	[]	[]	[]	[]	[]
54	8	[11]	[11]	[11]	[11]	[11]	[11]
54	9	[12]	[10, 12]	[12]	[10, 12]	[10, 12]	[12]
54	10	[22]	[21, 22]	[22]	[21, 22]	[22]	[22]
54	11	[14, 15, 16, 17, 18]	[13, 15, 16, 17, 18]	[15]	[15, 16]	[15, 16]	[15, 16]
54	12	[20]	[20]	[20]	[20]	[20]	[20]
54	13	[19]	[19]	[19]	[19]	[19]	[19]
54	15	[]	[24]	[]	[]	[12]	[]
54	16	[25]	[25]	[25]	[25]	[25]	[25]
54	17	[34]	[34, 36, 37]	[37]	[34, 37]	[34]	[34]
54	18	[37, 38, 39]	[38, 39]	[39]	[39]	[39]	[39]
54	19	[30]	[30]	[]	[]	[]	[]
54	20	[31]	[29, 30, 31]	[31]	[29, 31]	[31]	[31]
54	21	[27]	[27]	[27]	[27]	[27]	[27]
54	22	[26]	[]	[]	[]	[]	[]
54	23	[28]	[26, 28, 32]	[28]	[26, 28]	[28]	[28]
54	25	[41]	[41]	[41]	[41]	[41]	[41]
54	26	[43]	[43]	[43]	[43]	[43]	[43]
54	27	[44]	[42, 44]	[44]	[42, 44]	[44]	[44]
54	28	[47]	[33, 47]	[47]	[47]	[47]	[47]
54	29	[50]	[48, 49, 50]	[50]	[48, 50]	[50]	[50]
54	30	[46]	[45, 46]	[46]	[45, 46]	[46]	[46]
55	0	[]	[]	[]	[]	[]	[]
55	1	[0]	[0, 1]	[0]	[0, 1]	[0]	[0]
55	2	[1]	[]	[]	[]	[]	[]
55	3	[6]	[5, 6]	[6]	[6]	[6]	[6]
55	4	[3]	[2, 3, 4]	[3]	[2, 3]	[3]	[3]
55	5	[9]	[9]	[9]	[9]	[9]	[9]
55	6	[10]	[8, 10]	[10]	[10]	[10]	[10]
55	8	[12]	[12]	[12]	[12]	[12]	[12]
55	9	[15]	[15]	[15]	[15]	[15]	[15]
55	10	[18]	[16]	[16]	[16]	[16]	[16]
55	11	[14]	[13, 14]	[14]	[13, 14]	[14]	[14]
55	12	[16]	[17, 18]	[18]	[18]	[18]	[18]
55	14	[20]	[20]	[20]	[20]	[20]	[20]
55	15	[22]	[21, 22, 24]	[25]	[25]	[22, 25]	[25]
55	16	[23]	[23]	[]	[23]	[23]	[]
55	17	[]	[27]	[27]	[27]	[27]	[]
55	18	[25]	[25]	[]	[25]	[]	[]
55	20	[27]	[]	[]	[]	[]	[]
55	21	[]	[]	[]	[20]	[20, 27]	[20, 27]
55	22	[]	[]	[]	[]	[]	[]
55	23	[29]	[28, 29]	[29]	[28, 29]	[29]	[29]
55	24	[31]	[31]	[31]	[31]	[31]	[31]
55	25	[33]	[33]	[33]	[33]	[33]	[33]
55	26	[34]	[32, 34]	[34]	[34]	[34]	[34]
56	0	[0]	[0]	[0]	[0]	[0]	[0]
56	1	[1]	[1]	[1]	[1]	[1]	[1]
56	2	[2]	[2]	[2]	[2]	[2]	[2]
56	3	[4]	[3]	[3]	[3]	[3]	[3]
56	4	[5]	[4, 5, 6]	[5]	[5, 7]	[5]	[5]
56	5	[7]	[7]	[]	[]	[]	[]
56	6	[9]	[9]	[9]	[9]	[9]	[9]
56	7	[10]	[10, 11]	[10]	[10]	[10]	[10]
56	8	[]	[]	[]	[]	[]	[]
56	9	[12]	[12]	[12]	[12]	[12]	[12]
57	0	[1]	[1, 2]	[1]	[1, 2]	[1]	[1]
57	1	[0]	[0]	[0]	[0]	[0]	[0]
57	2	[4]	[3, 4]	[4]	[3, 4]	[4]	[4]
57	3	[6]	[]	[]	[]	[]	[]
57	4	[5]	[5, 6]	[5]	[5, 6]	[5]	[5]
57	5	[7]	[7]	[7]	[7]	[7]	[7]
57	6	[8]	[8]	[8]	[8]	[8]	[8]
58	0	[0]	[0]	[0]	[0]	[0]	[0]
58	1	[2]	[2]	[2]	[2]	[2]	[2]
58	2	[5, 6, 7]	[5, 7]	[7]	[5, 7]	[7]	[7]
58	3	[8]	[8]	[8]	[8]	[8]	[8]
58	4	[1]	[1, 3, 4, 5, 6]	[1]	[1]	[1]	[1]
58	5	[10]	[]	[]	[]	[]	[]
58	6	[10]	[10]	[10]	[10]	[10]	[10]
58	7	[]	[12, 18]	[12]	[12]	[12]	[12]
58	8	[15]	[13, 14, 15]	[15]	[14, 15]	[15]	[15]
58	9	[]	[17]	[17]	[17]	[17]	[17]
58	10	[16]	[11, 16]	[16]	[11, 16]	[16]	[16]
58	12	[20]	[20]	[20]	[20]	[20]	[20]
58	13	[23]	[21, 23]	[23]	[21, 23]	[23]	[23]
58	14	[]	[]	[]	[]	[]	[]
58	15	[25]	[22, 24, 25]	[25]	[24, 25]	[25]	[25]
59	0	[3]	[1, 3]	[1, 3]	[1, 3]	[1, 3]	[1, 3]
59	1	[0]	[0]	[0]	[0]	[0]	[0]
59	2	[4]	[4]	[4]	[4]	[4]	[4]
59	3	[]	[]	[]	[]	[]	[]
59	4	[2]	[2]	[2]	[2]	[2]	[2]
59	5	[6]	[6]	[6]	[6]	[6]	[6]
59	6	[7]	[7]	[7]	[7]	[7]	[7]
59	7	[8]	[8]	[8]	[8]	[8]	[8]
59	8	[9]	[9]	[9]	[9]	[9]	[9]
59	9	[10]	[10]	[10]	[10]	[10]	[10]
60	0	[3]	[2, 3]	[3]	[2, 3]	[3]	[3]
60	1	[]	[0]	[0]	[0]	[0]	[0]
60	2	[1, 4]	[4]	[4]	[4]	[4]	[4]
60	3	[]	[1]	[]	[1]	[1]	[1]
60	4	[5, 7]	[5, 7]	[7]	[7]	[7]	[7]
60	5	[8]	[5, 8]	[8]	[5, 8]	[8]	[8]
60	6	[9]	[9]	[9]	[9]	[9]	[9]
61	0	[2, 3, 4]	[2, 3, 4]	[4]	[3, 4]	[4]	[4]
61	1	[1]	[1]	[1]	[1]	[1]	[1]
61	2	[7]	[0, 6, 7]	[6, 7]	[6, 7]	[6, 7]	[6, 7]
61	3	[9]	[8, 9]	[9]	[8, 9]	[9]	[9]
61	5	[11]	[11]	[11]	[11]	[11]	[11]
61	6	[]	[]	[]	[]	[]	[]
61	7	[19]	[19]	[19]	[19]	[19]	[19]
61	8	[18]	[12, 18]	[18]	[12, 18]	[18]	[18]
61	9	[21]	[20, 21]	[21]	[21]	[21]	[21]
61	10	[14, 16]	[14, 16]	[14, 16]	[14, 16]	[14, 16]	[14, 16]
61	11	[17]	[13, 17]	[17]	[17]	[17]	[17]
62	0	[2]	[2]	[2]	[2]	[2]	[2]
62	1	[]	[]	[]	[]	[]	[]
62	2	[2]	[4]	[]	[4]	[]	[]
62	3	[]	[]	[]	[]	[]	[]
62	4	[1]	[0, 1, 3]	[1]	[0, 1]	[0, 1]	[0, 1]
62	5	[7, 8, 9, 10]	[5, 6, 8, 9]	[9]	[5, 8, 9]	[9, 10]	[9]
62	6	[5]	[7]	[10]	[10]	[10]	[10]
62	7	[7]	[10]	[]	[]	[]	[]
63	0	[0]	[0]	[0]	[0]	[0]	[0]
63	1	[1]	[1]	[1]	[1]	[1]	[1]
63	2	[]	[]	[]	[]	[]	[]
63	3	[8]	[6, 7, 8]	[8]	[6, 8]	[8]	[8]
63	4	[3, 4, 5]	[2, 3, 9, 10, 11]	[2, 11]	[2, 11]	[2, 11]	[2, 11]
63	6	[]	[]	[]	[]	[]	[]
63	7	[11]	[5, 11]	[]	[5]	[5]	[5]
63	9	[25]	[24, 25]	[25]	[25]	[25]	[25]
63	10	[13]	[13]	[13]	[13]	[13]	[13]
63	11	[16]	[16]	[16]	[16]	[16]	[16]
63	12	[17]	[14, 15, 17]	[15, 17]	[15, 17]	[15, 17]	[15, 17]
63	13	[22]	[4, 5, 23, 25]	[]	[]	[5]	[5]
63	14	[21]	[20, 21]	[20]	[20, 21]	[20, 21]	[20]
63	15	[19]	[18, 19, 22]	[19]	[18, 19]	[19]	[19]
64	0	[0]	[0]	[0]	[0]	[0]	[0]
64	1	[]	[]	[]	[]	[]	[]
64	2	[]	[]	[]	[]	[]	[]
64	3	[]	[]	[]	[]	[]	[]
64	4	[4]	[3, 4, 6]	[3]	[3, 4]	[3]	[3]
64	5	[7]	[5, 7]	[7]	[5, 7]	[7]	[7]
64	6	[1, 2]	[1, 2]	[1]	[1, 2]	[1, 2]	[1]
65	0	[0]	[0]	[0]	[0]	[0]	[0]
65	1	[2]	[2]	[2]	[2]	[2]	[2]
65	2	[]	[]	[]	[]	[6]	[6]
65	3	[8]	[6, 7, 8]	[8]	[6, 7, 8]	[8]	[8]
65	4	[7]	[5]	[]	[]	[]	[]
65	5	[4]	[1, 3, 4]	[3, 4]	[3, 4]	[1, 3, 4]	[3, 4]
65	7	[10]	[10]	[10]	[10]	[10]	[10]
65	8	[]	[]	[]	[11]	[11]	[]
65	9	[11]	[11]	[11]	[11]	[11]	[11]
65	10	[12]	[12]	[12]	[12]	[12]	[12]
65	11	[13]	[13, 14]	[13]	[13]	[13]	[13]
65	12	[21]	[17, 21]	[21]	[21]	[21]	[21]
65	13	[23]	[22, 23]	[23]	[23]	[23]	[23]
65	14	[18, 20]	[18, 20]	[20]	[20]	[20]	[20]
65	15	[16]	[15, 16]	[16]	[15, 16]	[16]	[16]
66	0	[3]	[2, 3]	[3]	[2, 3]	[3]	[3]
66	1	[]	[]	[]	[]	[]	[]
66	2	[1]	[0, 1]	[1]	[0, 1]	[0, 1]	[1]
66	3	[4]	[4]	[4]	[4]	[4]	[4]
66	4	[5]	[5]	[5]	[5]	[5]	[5]
66	5	[6]	[6]	[6]	[6]	[6]	[6]
67	0	[1]	[0, 1]	[1]	[1]	[1]	[1]
67	1	[]	[13]	[]	[]	[]	[]
67	2	[2]	[2]	[2]	[2]	[2]	[2]
67	3	[4]	[4, 15]	[4]	[4]	[4]	[4]
67	4	[5]	[5]	[5]	[5]	[5]	[5]
67	5	[7]	[6, 7]	[7]	[6, 7]	[7]	[7]
67	6	[9]	[9, 12]	[9]	[9]	[9]	[9]
67	7	[10]	[10]	[10]	[10]	[10]	[10]
67	8	[14]	[14]	[14]	[14]	[14]	[14]
67	9	[18]	[16, 17, 18]	[18]	[16, 18]	[16, 18]	[18]
67	11	[20]	[20]	[20]	[20]	[20]	[20]
67	12	[23]	[22, 23]	[23]	[23]	[23]	[23]
67	13	[24]	[21, 24, 25, 26]	[24]	[21, 22, 24, 25]	[24]	[24]
67	14	[27]	[27, 28]	[27]	[27]	[27]	[27]
67	15	[27]	[]	[]	[27]	[27]	[27]
67	16	[29]	[29]	[29]	[29]	[29]	[29]
67	17	[28]	[28]	[28]	[28]	[28]	[28]
68	0	[]	[]	[]	[]	[]	[]
68	1	[2]	[0, 1, 2]	[0]	[0, 2]	[0, 2]	[0, 2]
68	2	[4, 5]	[4, 5]	[4]	[4, 5]	[4]	[4]
68	3	[7]	[6, 7]	[7]	[6, 7]	[7]	[7]
68	4	[9]	[8, 9]	[9]	[8, 9]	[9]	[9]
68	5	[11]	[10, 11]	[11]	[11]	[11]	[11]
68	7	[]	[]	[]	[]	[13]	[]
68	8	[14]	[13, 14]	[14]	[13, 14]	[14]	[14]
68	9	[18]	[18]	[18]	[18]	[18]	[18]
68	10	[16]	[15, 16, 17]	[16]	[15, 16]	[15, 16]	[16]
68	11	[20]	[19, 20]	[19, 20]	[19, 20]	[19, 20]	[20]
68	13	[24]	[23, 24]	[24]	[24]	[24]	[24]
68	14	[22]	[22]	[22]	[22]	[22]	[22]
68	15	[25]	[25]	[25]	[25]	[25]	[25]
68	16	[28]	[28]	[28]	[28]	[28]	[28]
68	17	[27, 29]	[26, 27, 29]	[27]	[26, 27]	[27]	[27]
69	0	[]	[0]	[0]	[0]	[0]	[0]
69	1	[2]	[2]	[2]	[2]	[2]	[2]
69	2	[]	[]	[]	[]	[]	[]
69	3	[8]	[8, 9]	[8]	[8]	[8]	[8]
69	4	[11]	[10, 11]	[11]	[11]	[11]	[11]
69	5	[4, 6]	[4, 6]	[4, 6]	[4, 6]	[4, 6]	[4, 6]
69	6	[7]	[3, 7]	[7]	[7]	[7]	[7]
69	7	[13]	[13, 14]	[13]	[13]	[13]	[13]
69	8	[15]	[15, 16]	[15]	[15]	[15]	[15]
69	9	[17]	[17]	[17]	[17]	[17]	[17]
69	10	[19, 20]	[19, 20]	[20]	[19, 20]	[19, 20]	[19, 20]
69	11	[24, 25, 26, 27]	[24, 25, 26, 27]	[24]	[24]	[24]	[24]
69	12	[23]	[21, 22, 23]	[22]	[22, 23]	[22, 23]	[22]
70	0	[1]	[1]	[1]	[1]	[1]	[1]
70	1	[0]	[0]	[0]	[0]	[0]	[0]
70	2	[]	[]	[]	[]	[]	[]
70	3	[4]	[3, 4]	[4]	[3, 4]	[4]	[4]
70	4	[]	[2]	[2]	[2]	[2]	[2]
70	5	[6]	[6, 24]	[6]	[6]	[6]	[6]
70	6	[10]	[]	[]	[]	[]	[]
70	7	[]	[8]	[8]	[8]	[8]	[]
70	8	[7]	[7]	[7]	[7]	[7]	[7]
70	9	[11]	[9, 10, 11, 25]	[]	[9, 11]	[8, 11]	[8, 11]
70	10	[]	[]	[15]	[15]	[15]	[15]
70	11	[12]	[12, 16]	[12, 16]	[12, 16]	[12, 16]	[12, 16]
70	12	[15]	[15]	[20]	[20]	[20]	[20]
70	13	[18]	[17, 18]	[17, 18]	[17, 18]	[17, 18]	[17, 18]
70	14	[9]	[]	[]	[]	[]	[]
70	15	[13]	[13]	[13]	[13]	[13]	[13]
70	17	[20]	[20]	[]	[20]	[20]	[20]
70	18	[23]	[22, 23]	[23]	[22, 23]	[23]	[23]
70	19	[28, 29]	[27, 28, 29]	[28, 29]	[28, 29]	[28, 29]	[28, 29]
70	20	[26]	[21, 26]	[]	[26]	[26]	[26]
71	0	[2]	[2]	[2]	[2]	[2]	[2]
71	1	[]	[]	[]	[]	[]	[]
71	2	[]	[1]	[]	[3]	[1]	[1]
71	3	[0, 3]	[0, 3]	[0, 1]	[0, 1]	[0, 1, 3]	[0, 1]
71	4	[6]	[6]	[6]	[6]	[6]	[6]
71	5	[]	[]	[]	[]	[]	[]
71	6	[8]	[5, 7, 8]	[8]	[7, 8]	[7, 8]	[8]
72	0	[0]	[0]	[0]	[0]	[0]	[0]
72	1	[]	[]	[]	[]	[]	[]
72	2	[]	[]	[]	[]	[]	[]
72	3	[2]	[1, 2]	[1]	[1, 2]	[1]	[1]
72	4	[5]	[3, 4, 5]	[3, 5]	[3, 4, 5]	[3, 5]	[3, 5]
72	5	[]	[]	[]	[]	[]	[]
72	6	[6]	[6]	[6]	[6]	[6]	[6]
72	8	[10]	[10]	[10]	[10]	[10]	[10]
72	9	[]	[]	[]	[]	[]	[]
72	10	[]	[8]	[8]	[8]	[8]	[8]
72	11	[14]	[12, 14]	[14]	[12, 14]	[14]	[14]
72	12	[13]	[13]	[13]	[13]	[13]	[13]
72	13	[11]	[9, 11]	[11]	[9, 11]	[11]	[11]
72	14	[15]	[15]	[15]	[15]	[15]	[15]
72	15	[18]	[16, 18]	[18]	[16, 18]	[18]	[18]
72	16	[17]	[17]	[17]	[17]	[17]	[17]
72	18	[25]	[25]	[25]	[25]	[25]	[25]
72	19	[20]	[20]	[20]	[20]	[20]	[20]
72	20	[24]	[24]	[24]	[24]	[24]	[24]
72	21	[23]	[21, 23]	[21]	[21, 23]	[21]	[21]
72	22	[22]	[22, 26]	[22]	[22, 26]	[22]	[22]
72	24	[30]	[30, 31]	[30]	[30, 31]	[30]	[30]
72	25	[28]	[28]	[28]	[28]	[28]	[28]
72	26	[33]	[32, 33, 43]	[33]	[32, 33]	[33]	[33]
72	27	[29]	[29]	[29]	[29]	[29]	[29]
72	29	[]	[]	[]	[]	[]	[]
72	30	[35]	[35]	[35]	[35]	[35]	[35]
72	31	[46]	[37, 38, 39, 46]	[38, 46]	[38, 46]	[38, 46]	[46]
72	32	[43, 44, 45]	[44, 45]	[45]	[44, 45]	[45]	[45]
72	33	[40, 42]	[40, 42]	[40, 42]	[40, 42]	[40, 42]	[40, 42]
72	34	[36]	[36]	[36]	[36]	[36]	[36]
73	0	[1]	[]	[]	[1]	[]	[]
73	1	[]	[]	[]	[]	[]	[]
73	2	[]	[1]	[1]	[1]	[1]	[1]
73	3	[6]	[]	[]	[]	[6]	[]
73	4	[3]	[3]	[3]	[3]	[3]	[3]
73	5	[2]	[2, 5, 6]	[6]	[2, 6]	[2, 6]	[2, 6]
73	6	[0]	[0, 4]	[4]	[0, 4]	[4]	[4]
73	8	[8]	[8]	[8]	[8]	[8]	[8]
73	9	[9]	[9]	[9]	[9]	[9]	[9]
73	10	[11]	[11]	[11]	[11]	[11]	[11]
73	11	[12]	[12]	[12]	[12]	[12]	[12]
73	12	[14]	[14]	[14]	[14]	[14]	[14]
73	13	[15]	[15]	[15]	[15]	[15]	[15]
73	14	[16]	[16]	[16]	[16]	[16]	[16]
73	15	[18]	[18]	[18]	[18]	[18]	[18]
73	16	[19]	[19]	[19]	[19]	[19]	[19]
73	17	[21, 22, 23]	[21, 22, 23]	[23]	[23]	[23]	[23]
73	18	[26]	[26]	[26]	[26]	[26]	[26]
73	19	[29]	[28, 29]	[28, 29]	[28, 29]	[28, 29]	[28, 29]
73	20	[27]	[25, 27]	[27]	[25, 27]	[27]	[27]
73	22	[31, 32]	[31, 32]	[32]	[31, 32]	[32]	[32]
73	23	[34]	[33, 34, 35]	[34]	[34]	[34]	[34]
73	24	[40, 41, 42, 43, 44]	[39, 41, 43, 44]	[]	[]	[44]	[]
73	25	[38]	[36, 37, 38]	[38]	[37, 38]	[38]	[38]
73	26	[47]	[40, 47]	[47]	[47]	[47]	[47]
73	27	[46]	[42, 45, 46]	[46]	[45, 46]	[46]	[46]
74	0	[7]	[3, 7]	[7]	[7]	[7]	[7]
74	1	[7]	[]	[]	[]	[]	[]
74	2	[]	[]	[]	[]	[]	[]
74	3	[1, 2, 3, 4]	[1, 2, 4]	[2, 4]	[2, 4]	[2, 4]	[2, 4]
74	4	[0]	[0]	[0]	[0]	[0]	[0]
74	5	[5]	[5, 6]	[5]	[5]	[5]	[5]
74	6	[10]	[4, 10]	[4, 10]	[4, 10]	[4, 10]	[4, 10]
74	7	[]	[8, 10]	[8]	[8]	[8]	[8]
74	8	[11]	[11]	[11]	[11]	[11]	[11]
75	0	[0]	[0]	[0]	[0]	[0]	[0]
75	1	[1]	[1]	[1]	[1]	[1]	[1]
75	2	[5]	[4, 5]	[5]	[5]	[5]	[5]
75	3	[3]	[3]	[3]	[3]	[3]	[3]
75	4	[7, 8, 9]	[7, 8, 9]	[9]	[9]	[5, 9]	[9]
75	5	[11]	[11]	[11]	[11]	[11]	[11]
75	6	[14]	[13, 14]	[13]	[13, 14]	[13]	[13]
75	7	[19]	[19]	[19]	[19]	[19]	[19]
75	8	[23, 24]	[21, 23, 24]	[23, 24]	[22, 23, 24]	[23, 24]	[23, 24]
75	9	[20]	[20]	[]	[]	[]	[]
75	10	[18]	[12, 18, 22]	[18]	[18]	[18]	[18]
75	11	[17]	[15, 16, 17]	[17]	[17]	[17]	[17]
75	12	[25]	[25]	[25]	[25]	[25]	[25]
75	13	[30]	[28, 29, 30]	[30]	[29, 30]	[30]	[30]
75	14	[27]	[26, 27]	[27]	[26, 27]	[27]	[27]
75	15	[31]	[31]	[31]	[31]	[31]	[31]
75	16	[35]	[34, 35]	[35]	[34, 35]	[35]	[35]
75	17	[37]	[36, 37]	[36, 37]	[36, 37]	[36, 37]	[36, 37]
75	18	[33]	[32, 33]	[33]	[32, 33]	[33]	[33]
76	0	[2]	[0, 2]	[2]	[2]	[2]	[2]
76	1	[]	[]	[]	[]	[]	[]
76	2	[10]	[10]	[10]	[10]	[10]	[10]
76	3	[7]	[6, 7]	[7]	[7]	[7]	[7]
76	4	[4]	[3, 4]	[4]	[3, 4]	[4]	[4]
76	5	[11]	[1, 9, 11]	[11]	[11]	[11]	[11]
76	6	[8]	[5, 8]	[]	[]	[8]	[]
76	7	[12]	[12]	[12]	[12]	[12]	[12]
76	8	[14]	[13, 14]	[14]	[13, 14]	[14]	[14]
76	10	[16]	[16]	[16]	[16]	[16]	[16]
76	11	[20]	[20]	[20]	[20]	[20]	[20]
76	12	[]	[]	[]	[]	[20]	[]
76	13	[23]	[22, 23]	[23]	[22, 23]	[23]	[23]
76	14	[19, 21]	[19, 21]	[21]	[21]	[21]	[21]
76	15	[19, 21]	[17, 18]	[18]	[17, 18]	[17, 18]	[18]
77	0	[0]	[0]	[0]	[0]	[0]	[0]
77	1	[]	[]	[]	[]	[]	[]
77	2	[0]	[]	[]	[]	[]	[]
77	3	[5]	[4, 5, 8]	[5]	[5, 8]	[5]	[5]
77	4	[6]	[6]	[6]	[6]	[6]	[6]
77	5	[3, 4]	[1, 2, 3]	[3]	[3]	[3]	[3]
77	6	[]	[7]	[7]	[7]	[7]	[7]
77	7	[7]	[]	[]	[]	[]	[]
77	8	[]	[]	[]	[]	[]	[]
77	9	[9]	[9]	[9]	[9]	[9]	[9]
77	11	[11]	[]	[]	[]	[]	[]
77	12	[11]	[11]	[11]	[11]	[11]	[11]
77	13	[12]	[12]	[12]	[12]	[12]	[12]
77	14	[13]	[13]	[13]	[13]	[13]	[13]
77	15	[17]	[17]	[17]	[17]	[17]	[17]
77	16	[14, 16]	[16, 19]	[]	[16]	[16]	[16]
77	17	[19, 20, 21]	[14, 16, 20, 21]	[16]	[16]	[14, 16]	[14, 16]
77	18	[28]	[26, 27, 28]	[28]	[28]	[28]	[28]
77	19	[25, 26]	[23, 24, 25, 26]	[24, 25]	[24, 25]	[23, 24, 25]	[24, 25]
77	21	[30]	[30]	[30]	[30]	[30]	[30]
77	22	[]	[]	[]	[]	[]	[]
77	23	[]	[]	[]	[]	[]	[]
77	24	[31]	[31, 32]	[31]	[31, 32]	[31]	[31]
77	25	[33]	[34, 35, 36]	[34]	[34, 35]	[34]	[34]
77	26	[38]	[38]	[38]	[38]	[38]	[38]
77	27	[]	[]	[]	[]	[]	[]
77	28	[37]	[37, 40]	[37]	[37, 40]	[37]	[37]
77	29	[41]	[41]	[41]	[41]	[41]	[41]
77	30	[39]	[39]	[39]	[39]	[39]	[39]
77	31	[40]	[33]	[33]	[33]	[33]	[33]
78	0	[0]	[0]	[0]	[0]	[0]	[0]
78	1	[1]	[1]	[1]	[1]	[1]	[1]
78	2	[]	[]	[]	[]	[]	[]
78	3	[]	[]	[]	[]	[]	[]
78	4	[3]	[3, 4]	[3]	[3]	[3]	[3]
78	5	[]	[]	[]	[]	[]	[]
78	6	[7]	[6, 7]	[6, 7]	[6, 7]	[6, 7]	[6, 7]
78	7	[9, 10]	[9, 10]	[9, 10]	[9, 10]	[9, 10]	[9, 10]
78	8	[11]	[11]	[11]	[11]	[11]	[11]
78	9	[13]	[12, 13]	[12, 13]	[12, 13]	[12, 13]	[12, 13]
78	11	[18]	[18]	[18]	[18]	[18]	[18]
78	12	[17]	[15, 16, 17]	[15, 17]	[15, 16, 17]	[15, 17]	[15, 17]
78	13	[20]	[19, 20]	[20]	[19, 20]	[20]	[20]
78	14	[23]	[22, 23]	[23]	[22, 23]	[23]	[23]
78	15	[21]	[21]	[21]	[21]	[21]	[21]
78	16	[25, 27]	[25, 27]	[25]	[25, 27]	[25]	[25]
78	17	[29]	[29, 30]	[29]	[29]	[29]	[29]
78	18	[31]	[31]	[31]	[31]	[31]	[31]
79	0	[0]	[0]	[0]	[0]	[0]	[0]
79	1	[2]	[]	[]	[]	[]	[]
79	2	[]	[]	[]	[]	[]	[]
79	3	[2]	[1, 2]	[2]	[2]	[2]	[2]
79	4	[6]	[6]	[6]	[6]	[6]	[6]
79	5	[4]	[4]	[4]	[4]	[4]	[4]
79	6	[5, 7]	[5, 7, 8]	[7, 8]	[5, 7, 8]	[5, 7, 8]	[5, 7]
80	0	[0]	[0]	[0]	[0]	[0]	[0]
80	1	[1]	[1, 3]	[]	[0, 1]	[1]	[1]
80	2	[9]	[2, 13]	[13]	[13]	[13]	[13]
80	3	[10]	[3, 10]	[10]	[10]	[10]	[10]
80	4	[7]	[7]	[7]	[7]	[7]	[7]
80	5	[8, 11]	[4, 5, 6, 8, 9, 11, 12]	[8]	[6, 8, 11]	[8]	[8]
80	6	[3]	[]	[]	[]	[]	[]
80	8	[16]	[16]	[16]	[16]	[16]	[16]
80	9	[15]	[15]	[15]	[15]	[15]	[15]
80	10	[20]	[19, 20]	[20]	[19, 20]	[20]	[20]
80	11	[18]	[17, 18]	[18]	[18]	[18]	[18]
80	13	[28]	[28]	[28]	[28]	[28]	[28]
80	14	[]	[22]	[]	[22]	[22]	[]
80	15	[30]	[29, 30]	[30]	[30]	[30]	[30]
80	16	[24]	[23, 24]	[24]	[23, 24]	[24]	[24]
80	17	[27]	[25, 26, 27]	[27]	[27]	[27]	[27]
81	0	[0]	[0]	[0]	[0]	[0]	[0]
81	1	[]	[]	[]	[]	[]	[]
81	2	[5]	[5]	[5]	[5]	[5]	[5]
81	3	[0]	[]	[]	[]	[]	[]
81	4	[4]	[4]	[]	[]	[]	[]
81	5	[2]	[1, 2]	[1]	[1, 2]	[1, 2]	[1]
81	6	[3]	[3]	[3]	[3]	[3]	[3]
81	7	[7]	[7]	[7]	[7]	[7]	[7]
81	8	[9]	[8, 9]	[9]	[8, 9]	[9]	[9]
81	9	[18]	[18]	[18]	[18]	[18]	[18]
81	10	[10]	[10]	[10]	[10]	[10]	[10]
81	11	[12]	[12]	[12]	[12]	[12]	[12]
81	12	[14]	[14]	[14]	[14]	[14]	[14]
81	13	[15]	[11, 15, 16, 17]	[15]	[15]	[15]	[15]
82	0	[]	[]	[]	[]	[]	[]
82	1	[0]	[0]	[0]	[0]	[0]	[0]
82	2	[]	[]	[]	[]	[]	[]
82	3	[1]	[1]	[1]	[1]	[1]	[1]
82	4	[3]	[3]	[3]	[3]	[3]	[3]
82	5	[4]	[2, 4]	[4]	[2, 4]	[4]	[4]
82	6	[7]	[7]	[7]	[7]	[7]	[7]
82	7	[6]	[6]	[6]	[6]	[6]	[6]
82	8	[8]	[5, 8]	[8]	[8]	[8]	[8]
83	0	[0]	[0]	[0]	[0]	[0]	[0]
83	1	[1]	[1]	[1]	[1]	[1]	[1]
83	2	[2]	[2]	[2]	[2]	[2]	[2]
83	3	[4]	[3, 4]	[4]	[4]	[4]	[4]
83	4	[5]	[5]	[5]	[5]	[5]	[5]
83	6	[7]	[7]	[7]	[7]	[7]	[7]
83	7	[]	[18]	[]	[]	[]	[]
83	8	[8]	[8]	[8]	[8]	[8]	[8]
83	9	[10]	[10]	[10]	[10]	[10]	[10]
83	10	[11]	[9, 11, 13, 17]	[9]	[9, 11]	[9, 11]	[9]
83	12	[20]	[20, 27, 30]	[20]	[20]	[20]	[20]
83	13	[13]	[]	[]	[]	[]	[]
83	14	[14]	[14]	[14]	[14]	[14]	[14]
83	15	[]	[15]	[15]	[15]	[15]	[15]
83	16	[16]	[16]	[16]	[16]	[16]	[16]
83	17	[]	[]	[]	[]	[]	[]
83	18	[21]	[19, 21]	[21]	[21]	[21]	[21]
83	19	[]	[]	[]	[]	[]	[]
83	20	[22]	[22]	[22]	[22]	[22]	[22]
83	21	[24]	[23, 24]	[24]	[24]	[24]	[24]
83	23	[26]	[26, 28]	[26]	[26]	[26]	[26]
83	24	[]	[31]	[]	[]	[]	[]
83	25	[29, 31]	[29]	[29]	[29]	[29]	[29]
83	26	[34]	[32, 33, 34]	[34]	[32, 34]	[34]	[34]
84	0	[0]	[0]	[0]	[0]	[0]	[0]
84	1	[]	[4]	[]	[]	[]	[]
84	2	[3, 4]	[1, 2, 3]	[3]	[1, 3]	[1, 3]	[3]
84	3	[6]	[6]	[6]	[6]	[6]	[6]
84	4	[]	[]	[]	[]	[]	[]
84	6	[8]	[8]	[8]	[8]	[8]	[8]
84	7	[]	[]	[]	[]	[]	[]
84	8	[11]	[11]	[11]	[11]	[11]	[11]
84	9	[12]	[12]	[12]	[12]	[12]	[12]
84	10	[10]	[9, 10]	[10]	[9, 10]	[10]	[10]
84	11	[15]	[5, 15]	[15]	[5, 15]	[15]	[15]
84	12	[14]	[13, 14]	[14]	[13, 14]	[14]	[14]
84	13	[16]	[16, 17]	[16]	[16, 17]	[16]	[16]
84	14	[19]	[19]	[19]	[19]	[19]	[19]
84	15	[18]	[18]	[18]	[18]	[18]	[18]
84	17	[21]	[21]	[21]	[21]	[21]	[]
84	18	[21]	[]	[]	[]	[21]	[21]
84	19	[37]	[36, 37]	[37]	[36, 37]	[37]	[37]
84	20	[24]	[22, 23, 24]	[24]	[23, 24]	[24]	[24]
84	21	[28]	[25, 28]	[28]	[25, 28]	[28]	[28]
84	22	[29]	[29]	[29]	[29]	[29]	[]
84	23	[27]	[26, 27]	[27]	[27]	[27]	[27]
84	24	[33]	[29, 33]	[33]	[33]	[29, 33]	[33]
84	25	[34]	[34]	[34]	[34]	[34]	[34]
84	26	[35]	[35]	[35]	[35]	[35]	[35]
84	27	[31, 32]	[30, 31, 32]	[31]	[31, 32]	[31]	[31]
85	0	[9]	[9]	[9]	[9]	[9]	[9]
85	1	[]	[]	[]	[]	[]	[]
85	2	[8]	[8]	[8]	[8]	[8]	[8]
85	3	[0]	[0]	[0]	[0]	[0]	[0]
85	4	[2]	[1, 2]	[2]	[1, 2]	[2]	[2]
85	5	[4]	[3, 4]	[4]	[3, 4]	[4]	[4]
85	6	[6]	[6]	[6]	[6]	[6]	[6]
86	0	[0]	[0, 1]	[0]	[0]	[0]	[0]
86	1	[1]	[]	[]	[]	[1]	[1]
86	2	[3]	[3]	[3]	[3]	[3]	[3]
86	3	[4]	[4, 7]	[4, 7]	[4, 7]	[4, 7]	[4, 7]
86	4	[5]	[5]	[5]	[5]	[5]	[5]
86	5	[6]	[6]	[6]	[6]	[6]	[6]
86	7	[11]	[11]	[11]	[11]	[11]	[11]
86	8	[]	[]	[]	[]	[]	[]
86	9	[13]	[13]	[13]	[13]	[13]	[13]
86	10	[9]	[9]	[9]	[9]	[9]	[9]
86	11	[12]	[10, 12]	[12]	[10, 12]	[12]	[12]
86	12	[18]	[16, 18]	[18]	[16, 18]	[16, 18]	[18]
86	13	[17]	[17]	[17]	[17]	[17]	[17]
86	14	[15]	[14, 15]	[15]	[14, 15]	[15]	[15]
87	0	[0]	[0, 10]	[0]	[0]	[0]	[0]
87	1	[1]	[1]	[]	[1]	[1]	[1]
87	2	[]	[]	[]	[]	[]	[]
87	3	[3]	[2, 3]	[3]	[3]	[3]	[3]
87	4	[4]	[4]	[4]	[4]	[4]	[4]
87	5	[]	[]	[]	[]	[]	[]
87	6	[7]	[7]	[7]	[7]	[7]	[7]
87	7	[6]	[5, 6]	[5, 6]	[5, 6]	[5, 6]	[5, 6]
87	9	[10, 11]	[11]	[10]	[10]	[10]	[10]
87	10	[9]	[9, 16]	[9]	[9]	[9]	[9]
87	11	[15, 16, 17]	[14, 15, 17]	[15]	[15]	[15, 17]	[15]
87	12	[12]	[12]	[12]	[12]	[12]	[12]
88	0	[1]	[0, 1, 11]	[1]	[1]	[1]	[1]
88	1	[]	[]	[]	[]	[]	[]
88	2	[3]	[2, 3]	[3]	[2, 3]	[3]	[3]
88	3	[4]	[4, 5]	[4]	[4, 5]	[4]	[4]
88	4	[11, 12]	[7, 8, 10, 12]	[12]	[12]	[12]	[12]
88	5	[9]	[6, 9]	[9]	[9]	[9]	[9]
89	0	[1]	[1]	[1]	[1]	[1]	[1]
89	1	[0]	[0]	[0]	[0]	[0]	[0]
89	2	[6]	[5, 6]	[6]	[5, 6]	[6]	[6]
89	3	[2]	[2]	[2]	[2]	[2]	[2]
89	4	[]	[]	[8]	[8]	[8]	[8]
89	5	[4]	[3, 4]	[4]	[4]	[4]	[4]
89	6	[9]	[9]	[9]	[9]	[9]	[9]
89	7	[8]	[8]	[]	[]	[]	[]
89	8	[11]	[11]	[11]	[11]	[11]	[11]
89	9	[10]	[10]	[10]	[10]	[10]	[10]
90	0	[0]	[0]	[0]	[0]	[0]	[0]
90	1	[3]	[3]	[3]	[3]	[3]	[3]
90	2	[4]	[4]	[4]	[4]	[4]	[4]
90	3	[2]	[1, 2]	[2]	[1, 2]	[2]	[2]
90	5	[9]	[8, 9]	[9]	[8, 9]	[9]	[9]
90	6	[]	[]	[]	[]	[]	[]
90	7	[16]	[11, 16]	[16]	[16]	[16]	[16]
90	8	[17]	[17]	[17]	[17]	[17]	[17]
90	9	[]	[18]	[]	[]	[]	[]
90	10	[15]	[6, 7, 12, 14, 15]	[15]	[15]	[15]	[15]
91	0	[1]	[1]	[1]	[1]	[1]	[1]
91	1	[0]	[0]	[0]	[0]	[0]	[0]
91	2	[2]	[2]	[2]	[2]	[2]	[2]
91	3	[4]	[4]	[4]	[4]	[4]	[4]
91	4	[]	[5]	[5]	[5]	[5]	[5]
91	5	[3]	[3]	[3]	[3]	[3]	[3]
91	6	[5]	[8]	[]	[8]	[]	[]
91	7	[6]	[6]	[6]	[6]	[6]	[6]
91	8	[7]	[7]	[7]	[7]	[7]	[7]
91	9	[13]	[11, 12, 13]	[13]	[13]	[13]	[13]
91	10	[9]	[9, 10]	[9]	[9]	[9]	[9]
91	12	[16]	[16]	[16]	[16]	[16]	[16]
91	13	[]	[15]	[15]	[15]	[15]	[15]
91	14	[17]	[17]	[17]	[17]	[17]	[17]
91	15	[19]	[19]	[19]	[19]	[19]	[19]
91	16	[18]	[18]	[18]	[18]	[18]	[18]
91	18	[21]	[]	[]	[]	[]	[]
91	19	[21]	[21]	[21]	[21]	[21]	[21]
91	20	[22, 23]	[22, 23]	[22]	[22, 23]	[22]	[22]
91	21	[26]	[24, 25, 26]	[26]	[26]	[24, 26]	[24, 26]
92	0	[3]	[1, 2, 3]	[3]	[2, 3]	[3]	[3]
92	1	[0]	[0]	[0]	[0]	[0]	[0]
92	2	[4]	[4]	[4]	[4]	[4]	[4]
92	3	[5]	[5]	[5]	[5]	[5]	[5]
93	0	[0]	[0]	[0]	[0]	[0]	[0]
93	1	[5]	[4, 5]	[5]	[4, 5]	[5]	[5]
93	2	[3]	[3]	[3]	[3]	[3]	[3]
93	3	[7, 8, 9]	[6, 7, 9]	[7, 9]	[6, 7, 9]	[7, 9]	[7, 9]
93	4	[1]	[1, 8, 9]	[1]	[1]	[1]	[1]
93	5	[2]	[2]	[2]	[2]	[2]	[2]
93	7	[11]	[11]	[11]	[11]	[11]	[11]
93	8	[11]	[]	[]	[]	[]	[]
93	9	[18]	[18]	[]	[18]	[]	[]
93	10	[12]	[12]	[12]	[12]	[12]	[12]
93	11	[]	[14, 30]	[14]	[13, 14]	[14]	[14]
93	12	[]	[]	[]	[]	[]	[]
93	13	[13]	[13]	[]	[]	[13]	[]
93	14	[15]	[15]	[15]	[15]	[15]	[15]
93	15	[16]	[16]	[16]	[16]	[16]	[16]
93	16	[17]	[17]	[17]	[17]	[17]	[17]
93	17	[20, 21]	[19, 20, 21]	[20]	[19, 20]	[20]	[20]
93	19	[24]	[24, 26]	[24]	[24, 26]	[24]	[24]
93	20	[23]	[23]	[23]	[23]	[23]	[23]
93	21	[]	[]	[]	[]	[]	[]
93	22	[32]	[25, 27, 32]	[25]	[25]	[25, 27]	[]
93	23	[37]	[33, 37]	[37]	[33, 37]	[37]	[37]
93	24	[34, 36]	[34, 36]	[34, 36]	[34, 36]	[34, 36]	[34, 36]
93	25	[26]	[]	[]	[]	[]	[]
93	26	[27]	[28]	[]	[]	[]	[]
93	27	[30]	[]	[]	[]	[32]	[32]
93	28	[31]	[31]	[31]	[31]	[31]	[31]
93	29	[]	[]	[]	[]	[]	[]
93	30	[39]	[29, 39]	[39]	[39]	[39]	[39]
93	31	[40]	[40]	[40]	[40]	[40]	[40]
93	32	[42, 43]	[42, 43]	[42]	[42, 43]	[42]	[42]
93	33	[]	[]	[]	[]	[]	[]
93	34	[46]	[44, 45, 46]	[46]	[44, 46]	[46]	[46]
93	35	[47, 48]	[47, 48]	[47, 48]	[47, 48]	[47, 48]	[47, 48]
93	36	[49]	[49]	[49]	[49]	[49]	[49]
93	37	[51]	[50, 51]	[51]	[50, 51]	[51]	[51]
93	38	[53]	[52, 53]	[53]	[52, 53]	[52, 53]	[53]
93	40	[58]	[57, 58, 59]	[58]	[57, 58]	[58]	[58]
93	41	[]	[55]	[55]	[55]	[55]	[55]
93	42	[55]	[]	[]	[]	[]	[]
93	43	[56]	[56]	[56]	[56]	[56]	[56]
93	44	[63]	[63]	[63]	[63]	[63]	[63]
93	45	[62]	[62, 67, 68]	[68]	[67, 68]	[68]	[68]
93	46	[60]	[60, 61]	[60]	[60]	[60]	[60]
93	47	[64]	[64]	[64]	[64]	[64]	[64]
93	48	[65]	[65, 69, 70, 71]	[65]	[65, 71]	[65]	[65]
93	49	[70, 71]	[66]	[66]	[66]	[66]	[66]
94	0	[0]	[0]	[0]	[0]	[0]	[0]
94	1	[2]	[1, 2]	[2]	[2]	[2]	[2]
95	0	[4, 5, 6]	[2, 3, 4, 5, 6]	[6]	[5, 6]	[6]	[6]
95	1	[]	[]	[]	[]	[]	[]
95	2	[0]	[0]	[]	[]	[]	[]
95	3	[1]	[1]	[1]	[1]	[1]	[1]
95	5	[9]	[9]	[9]	[9]	[9]	[9]
95	6	[8]	[8]	[8]	[8]	[8]	[8]
95	7	[13]	[10, 13]	[13]	[10, 13]	[10, 13]	[13]
95	8	[14]	[14]	[14]	[14]	[14]	[14]
95	9	[12]	[12]	[12]	[12]	[12]	[12]
95	10	[11]	[]	[]	[]	[]	[]
95	11	[16]	[11]	[11]	[11]	[11]	[11]
95	12	[16]	[15, 16]	[15, 16]	[15, 16]	[15, 16]	[15, 16]
95	14	[18]	[18]	[18]	[18]	[18]	[18]
95	15	[19]	[19]	[19]	[19]	[19]	[19]
95	16	[]	[]	[]	[]	[]	[]
95	17	[24]	[22, 24, 34]	[24]	[24]	[24]	[24]
95	18	[23]	[23, 26]	[23]	[23]	[23]	[23]
95	19	[21]	[21]	[21]	[21]	[21]	[21]
95	20	[25, 26]	[25, 26]	[25]	[25, 26]	[25, 26]	[25]
95	21	[28]	[27, 28]	[28]	[28]	[28]	[28]
95	22	[33]	[33]	[33]	[33]	[33]	[33]
95	23	[30]	[]	[]	[]	[]	[]
95	24	[31, 32]	[20, 31, 32, 34]	[31, 32]	[20, 31, 32, 34]	[20, 31, 32]	[31, 32]
95	26	[]	[]	[]	[]	[]	[]
95	27	[36]	[30, 36]	[36]	[30, 36]	[36]	[36]
95	28	[39, 40, 41]	[38, 39, 40, 41]	[41]	[38, 40, 41]	[41]	[41]
95	29	[37]	[37]	[37]	[37]	[37]	[37]
95	31	[43]	[43]	[43]	[43]	[43]	[43]
95	32	[46]	[45, 46]	[46]	[46]	[46]	[46]
95	33	[44]	[44]	[44]	[44]	[44]	[44]
95	34	[48]	[48]	[48]	[48]	[48]	[48]
95	35	[47]	[47]	[47]	[47]	[47]	[47]
95	36	[50]	[49, 50]	[50]	[49, 50]	[50]	[50]
96	0	[0]	[]	[]	[]	[]	[]
96	1	[1]	[0, 1]	[1]	[0, 1]	[1]	[1]
96	2	[3]	[3]	[3]	[3]	[3]	[3]
96	3	[2]	[2]	[2]	[2]	[2]	[2]
96	4	[4]	[4]	[4]	[4]	[4]	[4]
96	5	[5]	[5]	[5]	[5]	[5]	[5]
96	6	[6]	[6]	[6]	[6]	[6]	[6]
96	7	[]	[]	[]	[]	[]	[]
96	8	[7]	[7]	[7]	[7]	[7]	[7]
96	10	[11]	[10, 11]	[11]	[10, 11]	[10, 11]	[11]
96	11	[9]	[9]	[9]	[9]	[9]	[9]
96	12	[12]	[12]	[12]	[12]	[12]	[12]
96	13	[14]	[13, 14]	[14]	[13, 14]	[14]	[14]
96	14	[16]	[16]	[16]	[16]	[16]	[16]
96	15	[17]	[15, 17]	[17]	[17]	[17]	[17]
96	17	[20]	[20]	[20]	[20]	[20]	[20]
96	18	[]	[]	[]	[]	[]	[]
96	19	[19]	[19]	[19]	[19]	[19]	[19]
96	20	[22]	[21, 22]	[21, 22]	[21, 22]	[21, 22]	[21, 22]
97	0	[9]	[8, 9]	[9]	[9]	[9]	[9]
97	1	[11]	[11]	[11]	[11]	[11]	[11]
97	2	[7]	[6, 7]	[7]	[6, 7]	[7]	[7]
97	3	[4]	[4]	[4]	[4]	[4]	[4]
97	4	[1, 3]	[0, 1, 3]	[1, 3]	[1, 3]	[1, 3]	[1, 3]
97	5	[5]	[4, 5]	[5]	[5]	[5]	[5]
97	6	[21]	[20, 21]	[20]	[20]	[20]	[20]
97	7	[22]	[22]	[22]	[22]	[22]	[22]
97	8	[14]	[12, 14]	[14]	[12, 14]	[14]	[14]
97	9	[16]	[13, 15, 16]	[16]	[15, 16]	[16]	[16]
97	10	[17]	[]	[]	[]	[17]	[]
97	11	[18]	[18, 19]	[18]	[18]	[18]	[18]
97	12	[]	[17]	[17]	[17]	[17]	[17]
98	0	[1]	[0, 1]	[1]	[1]	[1]	[1]
98	1	[]	[]	[]	[]	[]	[]
98	2	[2]	[2, 3]	[2]	[2, 3]	[2]	[2]
98	4	[13]	[13]	[13]	[13]	[13]	[13]
98	5	[5]	[5]	[5]	[5]	[5]	[5]
98	6	[14]	[12, 14]	[14]	[12, 14]	[14]	[14]
98	7	[6]	[6]	[6]	[6]	[6]	[6]
98	8	[8, 9, 10]	[7, 8, 9, 10, 17]	[10]	[9, 10]	[10]	[10]
98	9	[19]	[11, 18, 19]	[19]	[11, 19]	[19]	[19]
98	10	[16]	[16]	[16]	[16]	[16]	[16]
99	0	[3]	[3]	[3]	[3]	[3]	[3]
99	1	[]	[]	[]	[]	[]	[]
99	2	[4]	[2, 4]	[4]	[2, 4]	[4]	[4]
99	3	[0]	[0]	[0]	[0]	[0]	[0]
99	4	[1]	[1]	[1]	[1]	[1]	[1]
99	5	[5]	[5, 6]	[5]	[5]	[5]	[5]
100	0	[2, 3, 4]	[1, 2, 3, 4]	[2]	[1, 2]	[1, 2]	[2]
100	1	[]	[]	[]	[]	[]	[]
100	2	[0]	[0]	[0]	[0]	[0]	[0]
100	4	[8]	[]	[]	[]	[]	[]
100	5	[6]	[6]	[6]	[6]	[6]	[6]
100	6	[7]	[7, 8]	[7]	[7, 8]	[7]	[7]
100	8	[11]	[11]	[11]	[11]	[11]	[11]
100	9	[10]	[10]	[10]	[10]	[10]	[10]
100	10	[12]	[12]	[12]	[12]	[12]	[12]
100	11	[13]	[13]	[13]	[13]	[13]	[13]
100	12	[14]	[14]	[14]	[14]	[14]	[14]
101	0	[0]	[0]	[0]	[0]	[0]	[0]
101	1	[]	[]	[]	[]	[]	[]
101	2	[1]	[1]	[1]	[1]	[1]	[1]
101	3	[2]	[2]	[2]	[2]	[2]	[2]
101	4	[3]	[3]	[3]	[3]	[3]	[3]
102	0	[0]	[0]	[0]	[0, 8]	[0]	[0]
102	1	[3]	[3]	[3]	[3]	[3]	[3]
102	2	[9]	[1]	[]	[]	[]	[]
102	3	[6]	[4, 6]	[6]	[6]	[6]	[6]
102	4	[5]	[5]	[5]	[5]	[5]	[5]
102	5	[2]	[2, 8, 9]	[2]	[2, 9]	[2]	[2]
103	0	[0]	[0, 12]	[12]	[0, 12]	[12]	[12]
103	1	[1]	[1]	[1]	[1]	[1]	[1]
103	2	[5, 7]	[4, 5, 7]	[7]	[5, 7]	[5, 7]	[5, 7]
103	3	[8]	[8]	[8]	[8]	[8]	[8]
103	4	[3]	[3]	[3]	[3]	[3]	[3]
103	5	[12]	[10, 11]	[10]	[10, 11]	[10]	[10]
104	0	[0]	[0, 1]	[0]	[0, 1]	[0]	[0]
104	1	[2, 3]	[2, 3]	[3]	[2, 3]	[2, 3]	[2]
104	2	[8]	[7, 8]	[8]	[8]	[8]	[8]
104	3	[6]	[4, 5, 6]	[6]	[5, 6]	[6]	[6]
104	4	[10]	[9, 10]	[10]	[9, 10]	[10]	[10]
104	5	[12, 13, 14]	[12, 13, 14]	[14]	[13, 14]	[14]	[14]
105	0	[]	[0, 1]	[1]	[1]	[1]	[1]
105	1	[4]	[]	[]	[]	[]	[]
105	2	[5]	[5]	[5]	[5]	[5]	[5]
105	3	[4]	[2, 3, 4]	[2]	[2, 4]	[2, 4]	[2, 4]
105	5	[10]	[10]	[10]	[10]	[10]	[10]
105	6	[]	[7]	[7]	[7]	[7]	[7]
105	7	[7]	[]	[]	[]	[]	[]
105	8	[13, 14, 15]	[11, 12, 13, 14, 15]	[15]	[13, 15]	[15]	[15]
105	9	[9]	[8, 9]	[9]	[8, 9]	[9]	[9]
106	0	[1, 2]	[0]	[]	[0]	[0]	[]
106	1	[3, 4]	[1, 2, 3, 4]	[3, 4]	[1, 2, 3, 4]	[3, 4]	[3, 4]
106	2	[7]	[7]	[]	[7]	[]	[]
106	3	[]	[5]	[5]	[5]	[5]	[5]
106	4	[]	[7]	[7]	[7]	[7]	[7]
106	5	[10]	[9, 10]	[10]	[9, 10]	[10]	[10]
106	6	[8]	[6, 8]	[8]	[8]	[8]	[8]
107	0	[0]	[0]	[0]	[0]	[0]	[0]
107	1	[]	[1]	[1]	[1]	[1]	[1]
107	2	[1]	[]	[]	[]	[]	[]
107	3	[10]	[10]	[10]	[10]	[10]	[10]
107	4	[3]	[3]	[3]	[3]	[3]	[3]
107	5	[5, 7]	[5, 7]	[5, 7]	[5, 7]	[5, 7]	[5, 7]
107	6	[8]	[2, 3, 8]	[8]	[8]	[8]	[8]
108	0	[2]	[1, 2]	[2]	[1, 2]	[2]	[2]
108	1	[0]	[0]	[0]	[0]	[0]	[0]
108	2	[6]	[5, 6]	[6]	[5, 6]	[6]	[6]
108	3	[]	[]	[]	[]	[7]	[]
108	4	[7]	[7]	[7]	[7]	[7]	[7]
108	5	[8]	[8]	[8]	[8]	[8]	[8]
108	7	[10]	[10]	[10]	[10]	[10]	[10]
108	8	[]	[]	[]	[]	[]	[]
108	9	[13]	[11, 12, 13]	[13]	[12, 13]	[11, 12, 13]	[12, 13]
108	11	[4]	[3, 4]	[3, 4]	[3, 4]	[3, 4]	[3, 4]
109	0	[8]	[8]	[8]	[8]	[8]	[8]
109	1	[]	[0]	[]	[]	[]	[]
109	2	[7]	[7]	[7]	[7]	[7]	[7]
109	3	[6]	[6, 8]	[6]	[6, 8]	[6]	[6]
109	4	[1]	[1]	[1]	[1]	[1]	[1]
109	5	[2, 4]	[2, 4]	[2, 4]	[2, 4]	[2, 4]	[2, 4]
109	6	[5]	[1, 5]	[5]	[5]	[5]	[5]
109	7	[19, 20, 21]	[19, 20]	[19]	[19, 20]	[19]	[19]
109	8	[10]	[10, 12]	[]	[]	[]	[]
109	9	[13]	[11, 13]	[13]	[11, 13]	[13]	[13]
109	10	[15]	[14, 15]	[15]	[15]	[15]	[15]
109	11	[16]	[]	[]	[]	[]	[]
109	12	[17]	[17, 18, 21]	[17]	[17]	[17]	[17]
109	13	[]	[16]	[16]	[16]	[16]	[16]
110	0	[0]	[0]	[0]	[0]	[0]	[0]
110	1	[1]	[1, 3]	[1]	[1]	[1]	[1]
110	2	[3]	[3]	[3]	[3]	[3]	[3]
110	3	[5]	[4, 5]	[5]	[5]	[5]	[5]
110	5	[9]	[]	[]	[]	[9]	[]
110	6	[7]	[7, 9]	[9]	[7, 9]	[9]	[9]
110	7	[12]	[11, 12]	[12]	[12]	[11, 12]	[]
110	8	[10]	[8, 10, 14]	[10]	[8, 10]	[8, 10]	[10]
110	9	[15]	[13, 15]	[15]	[13, 15]	[15]	[15]
111	0	[]	[]	[]	[]	[]	[]
111	1	[2]	[]	[]	[]	[]	[]
111	2	[1]	[0, 1, 4]	[1]	[0, 1]	[1]	[1]
111	3	[]	[2]	[2]	[2]	[2]	[2]
111	4	[3]	[3, 6]	[6]	[3, 6]	[3, 6]	[6]
111	5	[8]	[8]	[8]	[8]	[8]	[8]
111	6	[11]	[9, 10, 11]	[11]	[10, 11]	[10, 11]	[10, 11]
111	7	[]	[7]	[]	[]	[7]	[]
112	0	[1]	[1]	[1]	[1]	[1]	[1]
112	1	[0]	[0]	[0]	[0]	[0]	[0]
112	2	[4]	[2, 3, 4]	[4]	[3, 4]	[4]	[4]
112	4	[8]	[7, 8]	[7]	[7, 8]	[7]	[7]
112	5	[6]	[6]	[6]	[6]	[6]	[6]
112	6	[10]	[]	[]	[]	[]	[]
112	7	[12, 13, 14]	[12, 13, 14]	[12]	[12, 14]	[12, 14]	[12, 14]
112	8	[11]	[9, 10, 11]	[9]	[9, 11]	[9]	[9]
113	0	[0]	[0]	[0]	[0]	[0]	[0]
113	1	[]	[0]	[]	[0]	[0]	[0]
113	2	[9]	[9]	[9]	[9]	[9]	[9]
113	3	[1, 2]	[1, 2]	[1]	[1, 2]	[1]	[1]
113	4	[3, 4]	[3, 4]	[3, 4]	[3, 4]	[3, 4]	[3, 4]
113	5	[8]	[7, 8]	[7]	[7, 8]	[7, 8]	[7, 8]
113	6	[5]	[5]	[5]	[5]	[5]	[5]
113	7	[6]	[6]	[6]	[6]	[6]	[6]
113	8	[14]	[14]	[14]	[14]	[14]	[14]
113	9	[11]	[0, 10, 11, 12]	[11]	[10, 11]	[11]	[11]
113	10	[13]	[13]	[13]	[13]	[13]	[13]
114	0	[]	[]	[]	[]	[]	[]
114	1	[0]	[0]	[0]	[0]	[0]	[0]
114	2	[1]	[1]	[1]	[1]	[1]	[1]
114	4	[4]	[4]	[4]	[4]	[4]	[4]
114	5	[3]	[3]	[3]	[3]	[3]	[3]
114	6	[5]	[5]	[5]	[5]	[5]	[5]
115	0	[3]	[2, 3]	[3]	[2, 3]	[3]	[3]
115	1	[]	[]	[]	[]	[]	[]
115	2	[1]	[0]	[1]	[0, 1]	[0, 1]	[1]
115	3	[4]	[1, 4]	[4]	[4]	[4]	[4]
115	4	[7]	[7]	[7]	[7]	[7]	[7]
115	5	[5]	[5, 7]	[5]	[5]	[5]	[5]
115	6	[8]	[8]	[8]	[8]	[8]	[8]
116	0	[2]	[1, 2]	[2]	[1, 2]	[2]	[2]
116	1	[]	[0, 4]	[]	[]	[]	[]
116	2	[11, 12]	[10, 11, 12, 16]	[11, 12]	[10, 11, 12]	[11, 12]	[11, 12]
116	3	[]	[]	[]	[]	[]	[]
116	4	[4]	[4]	[4]	[4]	[4]	[4]
116	5	[9]	[8, 9]	[9]	[8, 9]	[9]	[9]
116	6	[7]	[6, 7]	[7]	[6, 7]	[7]	[7]
116	7	[14]	[]	[]	[]	[]	[]
116	8	[14]	[14]	[14]	[14]	[14]	[14]
116	9	[14]	[19]	[]	[]	[]	[]
116	10	[21]	[20, 21]	[21]	[19, 21]	[21]	[21]
116	11	[15]	[15, 17, 18]	[15]	[15]	[15, 18]	[15]
117	0	[4]	[2, 4]	[4]	[2, 4]	[4]	[4]
117	1	[0]	[0]	[0]	[0]	[0]	[0]
117	2	[3]	[1, 3]	[3]	[3]	[3]	[3]
118	0	[0]	[0, 8]	[0]	[0]	[0]	[0]
118	1	[]	[]	[]	[]	[]	[]
118	2	[3]	[2, 3]	[3]	[3]	[3]	[3]
118	3	[1]	[1, 7]	[1]	[1]	[1]	[1]
118	4	[9]	[9]	[9]	[9]	[9]	[9]
118	5	[]	[]	[]	[]	[]	[]
118	6	[10, 11]	[10, 11]	[11]	[10, 11]	[11]	[11]
118	7	[6]	[5, 6]	[6]	[5, 6]	[6]	[6]
119	0	[]	[]	[0]	[0]	[0]	[]
119	1	[3]	[3]	[3]	[3]	[3]	[3]
119	2	[8]	[8]	[8]	[8]	[8]	[8]
119	3	[10]	[10]	[10]	[10]	[10]	[10]
119	4	[11]	[9, 11]	[11]	[11]	[11]	[11]
119	5	[4]	[1, 4]	[4]	[4]	[4]	[4]
119	6	[7]	[0, 5, 7]	[7]	[7]	[7]	[7]
119	7	[6]	[6]	[6]	[6]	[6]	[6]
119	9	[14]	[14]	[14]	[14]	[14]	[14]
119	10	[13]	[13]	[13]	[13]	[13]	[13]
119	11	[15]	[15]	[15]	[15]	[15]	[15]
119	12	[17]	[16, 17]	[17]	[16, 17]	[17]	[17]
119	13	[18]	[18]	[18]	[18]	[18]	[18]
119	14	[20]	[20]	[20]	[20]	[20]	[20]
119	15	[21]	[19, 21]	[21]	[21]	[21]	[21]
119	17	[25]	[25]	[25]	[25]	[25]	[25]
119	18	[23]	[23]	[23]	[23]	[23]	[23]
119	19	[26]	[24, 26]	[26]	[26]	[24, 26]	[24, 26]
119	20	[28]	[27, 28]	[28]	[27, 28]	[28]	[28]
119	21	[30]	[29, 30]	[30]	[29, 30]	[30]	[30]
120	0	[0]	[0]	[0]	[0]	[0]	[0]
120	1	[]	[]	[]	[]	[]	[]
120	2	[3]	[2, 3]	[3]	[3]	[3]	[3]
120	3	[]	[]	[]	[]	[]	[]
120	4	[1]	[1, 14]	[1]	[1]	[1]	[1]
120	5	[6]	[5, 6]	[6]	[6]	[6]	[6]
120	6	[4]	[4]	[4]	[4]	[4]	[4]
120	7	[8, 10]	[7, 8, 10]	[8, 10]	[8, 10]	[8, 10]	[8, 10]
120	8	[11]	[11]	[11]	[11]	[11]	[11]
120	9	[13]	[13, 15]	[13, 16]	[13, 16]	[13, 14, 16]	[13, 16]
120	10	[20]	[16, 17, 20]	[20]	[20]	[20]	[20]
120	11	[19]	[18, 19]	[19]	[19]	[19]	[19]
121	0	[2, 3, 4]	[1, 2, 3, 4]	[4]	[3, 4]	[4]	[4]
121	1	[0]	[0]	[0]	[0]	[0]	[0]
121	2	[5]	[5]	[5]	[5]	[5]	[5]
121	3	[8]	[8]	[8]	[8]	[8]	[8]
121	4	[9]	[7, 9]	[9]	[7, 9]	[7, 9]	[9]
121	5	[11, 12, 13]	[10, 11, 12, 13]	[10, 13]	[10, 11, 12, 13]	[10, 13]	[13]
121	6	[6]	[6]	[6]	[6]	[6]	[6]
121	8	[15]	[15]	[15]	[15]	[15]	[15]
121	9	[17]	[16, 17]	[17]	[17]	[17]	[17]
121	10	[18]	[18]	[]	[18]	[]	[]
121	11	[19]	[19, 20]	[19]	[19]	[19]	[19]
121	12	[22]	[21, 22]	[22]	[22]	[22]	[22]
122	0	[0, 1, 2]	[0, 1, 2]	[0, 2]	[0, 1, 2]	[0, 2]	[0, 2]
122	2	[9]	[7, 8, 9]	[9]	[7, 9]	[9]	[9]
122	3	[6]	[5, 6]	[6]	[5, 6]	[5, 6]	[6]
122	4	[4]	[4]	[4]	[4]	[4]	[4]
122	6	[12]	[11, 12]	[12]	[11, 12]	[12]	[12]
122	7	[10]	[10]	[10]	[10]	[10]	[10]
122	8	[15]	[13, 14, 15]	[15]	[13, 15]	[15]	[15]
122	10	[17]	[17]	[17]	[17]	[17]	[17]
122	11	[17]	[]	[]	[]	[17]	[17]
122	12	[24]	[24, 34]	[24]	[24, 34]	[24]	[24]
122	13	[25]	[25]	[25]	[25]	[25]	[25]
122	14	[26]	[26]	[26]	[26]	[26]	[26]
122	15	[29]	[28, 29]	[29]	[27, 29]	[29]	[29]
122	16	[23]	[18, 19, 21, 22, 23]	[23]	[22, 23]	[22, 23]	[23]
122	17	[]	[]	[]	[]	[]	[]
122	18	[]	[]	[]	[]	[]	[]
122	19	[36]	[35, 36]	[36]	[36]	[36]	[36]
122	20	[]	[31]	[31]	[31]	[31]	[31]
122	21	[32, 33]	[32, 33]	[32]	[32, 33]	[32]	[32]
122	22	[37]	[27, 37]	[37]	[37]	[37]	[37]
122	23	[39]	[38, 39]	[39]	[38, 39]	[39]	[39]
122	24	[42]	[40, 41, 42]	[42]	[40, 42]	[42]	[42]
122	25	[20]	[20]	[20]	[20]	[20]	[20]
122	26	[21]	[]	[]	[]	[]	[]
123	0	[0]	[0]	[0]	[0]	[0]	[0]
123	1	[]	[]	[]	[]	[]	[]
123	2	[3]	[2, 3]	[3]	[2, 3]	[3]	[3]
123	3	[6]	[4]	[]	[]	[6]	[]
123	4	[1]	[1, 5, 6]	[1, 6]	[1, 5, 6]	[1, 5]	[1]
123	5	[]	[]	[]	[]	[]	[]
124	0	[0]	[0]	[0]	[0]	[0]	[0]
124	1	[3]	[3]	[3]	[3]	[3]	[3]
124	2	[4]	[4]	[4]	[4]	[4]	[4]
124	3	[2]	[1, 2]	[2]	[2]	[2]	[2]
124	4	[5]	[5]	[5]	[5]	[5]	[5]
124	5	[8]	[6, 8]	[8]	[8]	[8]	[8]
124	6	[7]	[7]	[7]	[7]	[7]	[7]
124	7	[11]	[9, 10, 11]	[11]	[11]	[11]	[11]
124	8	[16]	[16]	[16]	[16]	[16]	[16]
124	9	[13]	[12, 13, 14, 15]	[13]	[12, 13]	[12, 13]	[13]
124	10	[17]	[17]	[17]	[17]	[17]	[17]
124	11	[17]	[]	[]	[]	[]	[]
124	12	[21]	[20, 21]	[21]	[20, 21]	[21]	[21]
124	13	[19]	[19]	[19]	[19]	[19]	[19]
124	14	[18]	[18]	[18]	[18]	[18]	[18]
125	0	[0, 2]	[0, 2]	[2]	[0, 2]	[2]	[2]
125	1	[3]	[3]	[3]	[3]	[3]	[3]
125	2	[5]	[5]	[5]	[5]	[5]	[5]
125	3	[9]	[8, 9]	[9]	[9]	[9]	[9]
125	4	[7]	[6, 7]	[7]	[6, 7]	[7]	[7]
126	0	[0]	[0, 6]	[0]	[0, 6]	[0]	[0]
126	1	[]	[]	[]	[]	[]	[]
126	2	[]	[7, 8]	[7]	[7]	[7]	[7]
126	3	[2, 3, 4]	[2, 3, 4]	[4]	[2, 4]	[4]	[4]
126	4	[]	[]	[]	[]	[]	[]
126	5	[10]	[10]	[10]	[10]	[10]	[10]
126	6	[13]	[9, 11, 12, 13]	[13]	[13]	[13]	[13]
127	0	[0]	[0]	[0]	[0]	[0]	[0]
127	1	[4]	[1, 5]	[5]	[5]	[5]	[5]
127	2	[6]	[6]	[6]	[6]	[6]	[6]
127	3	[3]	[2, 3, 4]	[3]	[3, 4]	[3]	[3]
127	4	[8]	[8]	[8]	[8]	[8]	[8]
127	5	[11]	[11]	[11]	[11]	[11]	[11]
127	6	[13]	[13]	[13]	[13]	[13]	[13]
127	7	[14]	[12, 14]	[14]	[12, 14]	[14]	[14]
127	8	[10]	[9, 10]	[10]	[10]	[10]	[10]
128	0	[]	[]	[]	[]	[]	[]
128	1	[0]	[0]	[0]	[0]	[0]	[0]
128	2	[1]	[1]	[1]	[1]	[1]	[1]
128	3	[2]	[2]	[2]	[2]	[2]	[2]
128	5	[4]	[4]	[4]	[4]	[4]	[4]
128	6	[]	[]	[]	[]	[]	[]
128	7	[6, 7]	[6]	[6]	[6]	[6]	[6]
128	8	[6, 7]	[5, 7]	[]	[7]	[6]	[6]
128	9	[10]	[10]	[10]	[10]	[10]	[10]
128	10	[11]	[11]	[11]	[11]	[11]	[11]
128	11	[12]	[12]	[12]	[12]	[12]	[12]
128	12	[8, 9]	[9]	[9]	[9]	[9]	[9]
128	14	[13]	[13]	[13]	[13]	[13]	[13]
128	15	[]	[]	[]	[]	[]	[]
128	16	[14]	[14]	[14]	[14]	[14]	[14]
128	17	[18]	[17, 18]	[18]	[17, 18]	[18]	[18]
128	18	[19]	[19]	[19]	[19]	[19]	[19]
128	19	[21]	[20, 21]	[21]	[21]	[21]	[21]
128	20	[16]	[8, 15, 16]	[16]	[15, 16]	[16]	[16]
128	22	[23]	[]	[]	[]	[]	[]
128	23	[23]	[23]	[23]	[23]	[23]	[23]
128	24	[26, 27, 28]	[9, 24, 25, 26, 27, 28]	[24]	[24, 27]	[24, 25, 27, 28]	[24, 28]
129	0	[6, 7, 8]	[6, 8]	[6]	[6, 8]	[6]	[6]
129	1	[0]	[0]	[0]	[0]	[0]	[0]
129	2	[]	[]	[]	[]	[]	[]
129	3	[5]	[5]	[5]	[5]	[5]	[5]
129	4	[2]	[1, 2]	[2]	[2]	[2]	[2]
129	5	[4]	[3, 4, 8]	[4]	[3, 4]	[4]	[4]
129	6	[10]	[9, 10]	[10]	[10]	[10]	[10]
129	7	[]	[7]	[]	[11]	[]	[]
129	8	[11]	[11]	[11]	[11]	[11]	[11]
129	9	[12]	[12]	[12]	[12]	[12]	[12]
130	0	[1]	[1]	[1]	[1]	[1]	[1]
130	1	[]	[0]	[0]	[0]	[0]	[0]
130	2	[8]	[8, 10]	[8]	[8, 10]	[8]	[8]
130	3	[3]	[2, 3]	[3]	[2, 3]	[3]	[3]
130	4	[6]	[4, 5, 6]	[6]	[6]	[6]	[6]
130	5	[9]	[12]	[]	[]	[]	[]
130	6	[11]	[11]	[11]	[11]	[11]	[11]
130	7	[7]	[7, 9, 14]	[7]	[7]	[7]	[7]
130	8	[16]	[13, 15, 16]	[16]	[15, 16]	[16]	[16]
130	10	[18, 19]	[18, 21]	[18, 21]	[18, 21]	[18, 21]	[18, 21]
130	11	[]	[]	[]	[]	[]	[]
130	12	[22]	[22, 23]	[22]	[22]	[22]	[22]
130	13	[25]	[24, 25]	[25]	[25]	[25]	[25]
130	14	[26]	[26]	[26]	[26]	[26]	[26]
130	15	[20]	[19, 20]	[20]	[19, 20]	[20]	[20]
131	0	[1]	[1]	[1]	[1]	[1]	[1]
131	1	[0]	[0]	[0]	[0]	[0]	[0]
131	2	[5]	[4, 5]	[5]	[4, 5]	[5]	[5]
131	3	[7]	[7]	[7]	[7]	[7]	[7]
131	4	[3]	[2, 3]	[3]	[2, 3]	[3]	[3]
131	5	[8]	[6, 8]	[8]	[6, 8]	[8]	[8]
132	0	[0]	[0]	[0]	[0]	[0]	[0]
132	1	[2]	[1, 2]	[1]	[1, 2]	[1, 2]	[1, 2]
132	2	[6]	[5, 6]	[6]	[5, 6]	[6]	[6]
132	3	[4]	[3, 4]	[4]	[3, 4]	[4]	[4]
132	4	[8]	[7, 8, 9]	[7, 8]	[7, 8]	[7, 8]	[7, 8]
132	5	[11]	[10, 11]	[11]	[10, 11]	[11]	[11]
132	6	[14]	[12, 13, 14]	[14]	[12, 14]	[14]	[14]
132	7	[15, 16, 17]	[15, 16, 17]	[17]	[16, 17]	[17]	[17]
133	0	[3]	[2]	[2]	[2, 3]	[2]	[2]
133	1	[0]	[0, 3]	[0]	[0]	[0]	[0]
133	2	[6]	[6]	[6]	[6]	[6]	[6]
133	3	[]	[13]	[13]	[13]	[13]	[13]
133	4	[7, 8]	[4, 5, 7, 8]	[7, 8]	[5, 7, 8]	[7, 8]	[8]
133	5	[18]	[17]	[]	[]	[]	[]
133	6	[12, 13]	[15]	[12]	[12]	[12]	[12]
133	7	[10]	[9, 10, 11, 12]	[10]	[9, 10]	[10]	[10]
133	9	[20]	[1, 20]	[20]	[20]	[20]	[20]
133	10	[]	[22]	[22]	[22]	[22]	[22]
133	11	[21]	[16, 21]	[21]	[21]	[21]	[21]
133	12	[25]	[25]	[25]	[25]	[25]	[25]
133	13	[29]	[29]	[29]	[29]	[29]	[29]
133	14	[26, 28]	[26, 28]	[28]	[26, 28]	[26, 28]	[26, 28]
133	15	[24]	[18, 24]	[24]	[24]	[24]	[24]
133	16	[23]	[23]	[23]	[23]	[23]	[23]
134	0	[1]	[1]	[1]	[1]	[1]	[1]
134	1	[0]	[0]	[0]	[0]	[0]	[0]
134	2	[7]	[6, 7]	[6]	[6, 7]	[6]	[6]
134	3	[5]	[4, 5]	[5]	[4, 5]	[5]	[5]
134	4	[3]	[2, 3]	[3]	[2, 3]	[3]	[3]
134	5	[10]	[9, 10]	[10]	[9, 10]	[10]	[10]
134	6	[11]	[11]	[11]	[11]	[11]	[]
134	7	[]	[]	[]	[]	[16]	[]
134	8	[18]	[15, 17, 18]	[18]	[17, 18]	[18]	[18]
134	9	[21]	[19, 20, 21]	[21]	[21]	[21]	[21]
134	10	[14]	[14]	[14]	[14]	[14]	[14]
134	11	[15]	[10, 12, 13, 16]	[13]	[12, 13]	[13]	[13]
135	0	[0]	[0]	[0]	[0]	[0]	[0]
135	1	[1]	[1]	[1]	[1]	[1]	[1]
135	2	[3, 4, 5]	[2, 3, 4, 5]	[5]	[5]	[5]	[5]
135	4	[8, 9]	[8, 9]	[8, 9]	[8, 9]	[8, 9]	[8, 9]
135	5	[7]	[7]	[7]	[7]	[7]	[7]
135	6	[15]	[12, 14, 15]	[15]	[14, 15]	[15]	[15]
135	7	[13]	[13]	[13]	[13]	[13]	[13]
135	8	[11]	[10, 11]	[11]	[10, 11]	[11]	[11]
135	9	[18]	[18]	[18]	[18]	[18]	[18]
135	10	[19]	[17, 19]	[19]	[17, 19]	[19]	[19]
135	11	[16]	[16]	[16]	[16]	[16]	[16]
135	13	[23, 24]	[23, 24]	[23]	[23, 24]	[23]	[23]
135	14	[21]	[21]	[21]	[21]	[21]	[21]
135	15	[22]	[22]	[22]	[22]	[22]	[22]
136	0	[5, 6, 7]	[4, 5, 6, 7]	[7]	[5, 6, 7]	[7]	[7]
136	1	[0]	[0]	[0]	[0]	[0]	[0]
136	2	[1]	[1, 2, 3, 9, 11]	[2, 3]	[1, 2, 3]	[1, 2, 3]	[2, 3]
136	3	[10, 12]	[8, 10, 12]	[8, 12]	[8, 12]	[8, 12]	[8, 12]
137	0	[2]	[1, 2, 16]	[2]	[1, 2]	[2]	[2]
137	1	[0]	[0]	[0]	[0]	[0]	[0]
137	2	[4]	[4]	[4]	[4]	[4]	[4]
137	3	[6, 7, 8]	[6, 7, 8, 13]	[6]	[6, 8]	[6]	[6]
137	4	[3]	[3]	[3]	[3]	[3]	[3]
137	5	[11, 13]	[11, 13]	[]	[11]	[11]	[]
137	6	[17]	[17]	[17]	[17]	[17]	[17]
137	7	[14]	[10, 14, 15]	[14]	[14]	[14]	[14]
137	9	[20]	[20]	[20]	[20]	[20]	[20]
137	10	[]	[]	[]	[]	[]	[]
137	11	[19]	[19]	[19]	[19]	[19]	[19]
137	12	[21]	[21]	[21]	[21]	[21]	[21]
137	13	[26]	[25, 26]	[26]	[25, 26]	[26]	[26]
137	14	[24]	[24]	[24]	[24]	[24]	[24]
137	15	[22]	[22]	[22]	[22]	[22]	[22]
137	16	[23]	[23]	[23]	[23]	[23]	[23]
138	0	[]	[9]	[9]	[9]	[9]	[9]
138	1	[]	[]	[]	[]	[]	[]
138	2	[]	[8]	[]	[]	[]	[]
138	3	[0]	[0]	[0]	[0]	[0]	[0]
138	4	[]	[]	[]	[]	[]	[]
138	5	[1]	[1, 10]	[1]	[1]	[1]	[1]
138	6	[3]	[3, 10]	[3]	[3]	[3]	[3]
138	7	[4]	[2, 4]	[4]	[2, 4]	[4]	[4]
138	8	[6, 7]	[5, 6, 7]	[6]	[5, 6]	[6, 7]	[6]
138	10	[12]	[12]	[12]	[12]	[12]	[12]
138	11	[19]	[18, 19]	[19]	[18, 19]	[19]	[19]
138	12	[20]	[20]	[20]	[20]	[20]	[20]
138	13	[18]	[]	[]	[]	[]	[]
138	14	[17]	[13, 14]	[14]	[14, 15]	[14]	[14]
138	15	[16]	[16]	[16]	[16]	[16]	[16]
138	16	[15]	[15, 17]	[17]	[17]	[17]	[17]
138	17	[21]	[21]	[21]	[21]	[21]	[21]
138	18	[23]	[23]	[23]	[23]	[23]	[23]
138	19	[22]	[22]	[22]	[22]	[22]	[22]
138	21	[29]	[29]	[29]	[29]	[29]	[29]
138	22	[25]	[25]	[25]	[25]	[25]	[25]
138	23	[31]	[30, 31]	[31]	[30, 31]	[31]	[31]
138	24	[28]	[26, 27, 28]	[27]	[27, 28]	[27, 28]	[27, 28]
139	0	[0]	[0]	[0]	[0]	[0]	[0]
139	1	[10]	[10]	[10]	[10]	[10]	[10]
139	2	[2]	[]	[]	[]	[]	[]
139	3	[3]	[1, 2, 3]	[3]	[1, 3]	[3]	[3]
139	4	[4, 5, 6]	[4, 5, 6]	[4]	[4]	[4]	[4]
139	5	[7]	[7]	[7]	[7]	[7]	[7]
139	6	[8]	[8, 9]	[8]	[8, 9]	[8]	[8]
140	0	[]	[]	[]	[]	[]	[]
140	1	[0]	[0]	[0]	[0]	[0]	[0]
140	2	[]	[]	[]	[]	[]	[]
140	3	[2]	[2]	[2]	[2]	[2]	[2]
140	4	[3]	[3]	[3]	[3]	[3]	[3]
140	5	[10]	[9, 10]	[10]	[10]	[10]	[10]
140	6	[8]	[7, 8]	[8]	[7, 8]	[8]	[8]
140	7	[5]	[4, 5, 6]	[5]	[4, 5]	[5]	[5]
141	0	[0]	[0]	[0]	[0]	[0]	[0]
141	1	[]	[1]	[1]	[1]	[1]	[1]
141	2	[8]	[8]	[8]	[8]	[8]	[8]
141	3	[2]	[2]	[2]	[2]	[2]	[2]
141	4	[7]	[6, 7]	[7]	[6, 7]	[7]	[7]
141	5	[3]	[3]	[3]	[3]	[3]	[3]
141	6	[5]	[4, 5]	[5]	[5]	[5]	[5]
141	7	[12]	[11, 12, 13, 14]	[12]	[11, 12]	[12]	[12]
141	8	[10]	[10]	[10]	[10]	[10]	[10]
141	9	[15]	[15]	[15]	[15]	[15]	[15]
141	10	[18]	[18]	[18]	[18]	[18]	[18]
141	11	[]	[16]	[16]	[16]	[16]	[16]
141	12	[17, 19]	[17, 19]	[17, 19]	[17, 19]	[19]	[19]
141	13	[21]	[20, 21]	[21]	[20, 21]	[21]	[21]
141	14	[]	[23]	[23]	[23]	[23]	[23]
141	15	[30, 31]	[29, 30, 31]	[30]	[29, 30]	[29, 30]	[30]
141	16	[28]	[28]	[28]	[28]	[28]	[28]
141	17	[27]	[27]	[27]	[27]	[27]	[27]
141	18	[26]	[24, 25, 26]	[26]	[24, 25, 26]	[26]	[26]
141	19	[32]	[32]	[32]	[32]	[32]	[32]
141	21	[35]	[34, 35]	[34]	[34, 35]	[34]	[34]
141	22	[41]	[41]	[41]	[41]	[41]	[41]
141	23	[]	[]	[]	[]	[]	[]
141	24	[42]	[37, 42]	[42]	[37, 42]	[42]	[42]
141	25	[40]	[38, 39, 40]	[40]	[39, 40]	[40]	[40]
141	27	[44, 45]	[45]	[45]	[45]	[45]	[45]
141	28	[43]	[43]	[43]	[43]	[43]	[43]
141	29	[36]	[36]	[36]	[36]	[36]	[36]
141	30	[46]	[44, 46]	[46]	[44, 46]	[46]	[46]
142	0	[]	[]	[]	[]	[]	[]
142	1	[0]	[0, 1, 2]	[0]	[0, 2]	[0]	[0]
143	0	[3]	[1, 3]	[3]	[3]	[3]	[3]
143	1	[0]	[0]	[0]	[0]	[0]	[0]
143	2	[4]	[4]	[4]	[4]	[4]	[4]
143	3	[2]	[2]	[2]	[2]	[2]	[2]
143	4	[6]	[5, 6]	[6]	[1, 6]	[6]	[6]
144	0	[1, 2]	[0, 1]	[0, 2]	[0, 2]	[0, 1, 2]	[0, 2]
144	1	[]	[]	[]	[]	[]	[]
144	2	[]	[2]	[]	[1]	[2]	[2]
144	3	[3]	[3]	[3]	[3]	[3]	[3]
144	4	[]	[]	[]	[]	[]	[]
144	5	[8]	[7, 8]	[8]	[8]	[8]	[8]
144	6	[9]	[]	[]	[]	[]	[]
144	7	[]	[9]	[9]	[9]	[9]	[9]
144	8	[10]	[5, 10]	[10]	[5, 10]	[10]	[10]
144	9	[6]	[6]	[6]	[6]	[6]	[6]
144	10	[4]	[4]	[4]	[4]	[4]	[4]
144	12	[12]	[12]	[12]	[12]	[12]	[12]
144	13	[13]	[]	[]	[13]	[]	[]
144	14	[13]	[13]	[13]	[13]	[13]	[13]
144	15	[17]	[17]	[17]	[17]	[17]	[17]
144	16	[15]	[15]	[15]	[15]	[15]	[15]
144	17	[]	[]	[]	[]	[]	[]
144	18	[16]	[14, 16]	[16]	[16]	[16]	[16]
145	0	[4]	[4]	[4]	[4]	[4]	[4]
145	1	[]	[]	[]	[]	[]	[]
145	2	[5]	[5]	[5]	[5]	[5]	[5]
145	3	[0]	[0]	[0]	[0]	[0]	[0]
145	4	[6]	[2, 6]	[6]	[6]	[6]	[6]
145	5	[1]	[1]	[1]	[1]	[1]	[1]
145	6	[8]	[8]	[]	[]	[]	[]
145	7	[8]	[]	[8]	[8]	[8]	[8]
145	8	[11]	[3, 9, 10, 11]	[10, 11]	[9, 10, 11]	[10, 11]	[10, 11]
145	10	[13]	[13, 15]	[13]	[13]	[13]	[13]
145	11	[14]	[14]	[14]	[14]	[14]	[14]
145	12	[]	[16]	[16]	[16]	[16]	[16]
145	13	[17]	[17, 19]	[17]	[17]	[17]	[17]
145	14	[16]	[]	[]	[]	[]	[]
145	15	[19]	[19]	[19]	[19]	[19]	[19]
145	16	[22]	[20, 21, 22]	[22]	[20, 22]	[22]	[22]
145	17	[25]	[25]	[25]	[25]	[25]	[25]
145	18	[24]	[24]	[24]	[24]	[24]	[24]
145	19	[27]	[27]	[27]	[27]	[27]	[27]
145	20	[26]	[26]	[]	[26]	[]	[]
145	21	[28]	[28]	[28]	[28]	[28]	[28]
145	22	[29]	[29]	[29]	[29]	[29]	[29]
145	23	[30]	[30]	[30]	[30]	[30]	[30]
145	24	[33]	[33]	[33]	[33]	[33]	[33]
145	25	[32]	[32]	[32]	[32]	[32]	[32]
145	26	[35, 36, 37]	[35, 36, 37]	[37]	[37]	[37]	[37]
145	28	[41]	[41]	[41]	[41]	[41]	[41]
145	29	[43]	[39, 40, 42, 43]	[43]	[42, 43]	[43]	[43]
146	0	[0]	[0]	[0]	[0]	[0]	[0]
146	1	[]	[1]	[]	[]	[]	[]
146	2	[2]	[2]	[2]	[2]	[2]	[2]
146	3	[8]	[6, 7, 8]	[6, 8]	[6, 7, 8]	[6, 8]	[6, 8]
146	4	[5]	[5]	[5]	[5]	[5]	[5]
146	5	[4]	[3, 4]	[4]	[3, 4]	[4]	[4]
147	0	[0]	[0, 2]	[0]	[0]	[0]	[0]
147	1	[]	[]	[]	[]	[]	[]
147	2	[1]	[1]	[1]	[1, 2]	[1]	[1]
147	3	[4]	[4]	[4]	[4]	[4]	[4]
147	4	[7]	[6, 7]	[7]	[7]	[7]	[7]
147	5	[9]	[8, 9]	[9]	[8, 9]	[9]	[9]
147	6	[15]	[11, 15]	[15]	[11, 15]	[15]	[15]
147	7	[12, 14]	[12, 14, 15]	[14]	[14]	[14]	[14]
147	8	[17]	[17]	[17]	[17]	[17]	[17]
147	9	[21]	[5, 21]	[21]	[21]	[21]	[21]
147	10	[19]	[18, 19, 20]	[19]	[19]	[19]	[19]
148	0	[0]	[0]	[0]	[0]	[0]	[0]
148	1	[1]	[1, 15]	[1]	[1]	[1]	[1]
148	2	[4]	[4]	[]	[4]	[4]	[]
148	3	[5]	[5]	[5]	[5]	[5]	[5]
148	4	[6]	[6]	[6]	[6]	[6]	[6]
148	5	[7]	[7]	[7]	[7]	[7]	[7]
148	6	[8]	[8, 14]	[8]	[8]	[8]	[8]
148	7	[9]	[9]	[9]	[9]	[9]	[9]
148	8	[]	[]	[]	[]	[]	[]
148	9	[11]	[11]	[]	[11]	[26]	[26]
148	10	[12]	[12, 18]	[12]	[12]	[12]	[12]
148	11	[3]	[2, 3, 16, 17]	[16]	[2, 3, 16]	[3, 16, 17]	[16]
148	12	[]	[]	[]	[]	[]	[]
148	13	[20]	[19, 20, 21]	[20]	[20, 21]	[20]	[20]
148	14	[23]	[23]	[23]	[23]	[23]	[23]
148	15	[22]	[22]	[22]	[22]	[22]	[22]
148	16	[24]	[24]	[24]	[24]	[24]	[24]
148	17	[]	[]	[]	[]	[]	[]
148	18	[25]	[25, 35]	[35]	[25, 35]	[25, 35]	[35]
148	19	[26]	[26]	[26]	[26]	[26]	[26]
148	20	[34]	[30, 34]	[34]	[34]	[34]	[34]
148	21	[32]	[31, 32, 33]	[32]	[31, 32]	[32]	[32]
148	22	[]	[]	[]	[]	[]	[]
148	23	[36, 37]	[36, 37]	[36]	[36, 37]	[36]	[36]
148	24	[29]	[27, 28, 29]	[28, 29]	[28, 29]	[28, 29]	[28, 29]
148	26	[39]	[39]	[]	[]	[39]	[39]
148	27	[]	[40, 58]	[]	[40]	[43]	[]
148	28	[]	[41]	[]	[41]	[]	[]
148	29	[43]	[43]	[43]	[43]	[43]	[43]
148	30	[44]	[44]	[44]	[44]	[44]	[44]
148	31	[46]	[46]	[46]	[46]	[46]	[46]
148	32	[47]	[47]	[47]	[47]	[47]	[47]
148	33	[48]	[48]	[48]	[48]	[48]	[48]
148	34	[42]	[42, 61]	[42]	[42, 50]	[42, 50, 58, 59]	[42, 59]
148	35	[45]	[45]	[45]	[45]	[45]	[45]
148	36	[52]	[51, 52]	[52]	[51, 52]	[51, 52]	[52]
148	37	[]	[55]	[55]	[55]	[55]	[55]
148	38	[]	[53, 54]	[]	[55]	[54, 55]	[]
148	40	[57]	[57]	[]	[57]	[]	[]
148	41	[64]	[64]	[64]	[64]	[64]	[64]
148	42	[62]	[76]	[]	[]	[]	[]
148	43	[63]	[77]	[]	[]	[66]	[]
148	44	[]	[62]	[62]	[62]	[62]	[62]
148	45	[63]	[63]	[63]	[63]	[63]	[63]
148	46	[59, 61]	[50, 59, 60]	[]	[59]	[]	[]
148	47	[66, 67]	[65, 66, 67]	[65]	[65, 66]	[65, 66]	[65, 66]
148	49	[69]	[69]	[69]	[69]	[69]	[69]
148	50	[]	[]	[]	[]	[]	[]
148	51	[70]	[70, 81]	[70]	[70]	[70]	[70]
148	52	[]	[]	[]	[]	[]	[]
148	53	[84]	[71, 85]	[]	[85]	[71, 85]	[85]
148	55	[75]	[75, 84, 90]	[75]	[75]	[75]	[75]
148	56	[77, 78]	[77, 78]	[78]	[77, 78]	[77, 78]	[77, 78]
148	57	[80]	[80]	[80]	[80]	[80]	[80]
148	58	[82]	[79, 82]	[82]	[79, 82]	[82]	[82]
148	60	[92]	[93]	[93]	[93]	[93]	[93]
148	61	[91]	[91]	[91]	[91]	[91]	[91]
148	62	[]	[]	[]	[]	[]	[]
148	63	[93]	[92]	[]	[]	[]	[]
148	64	[]	[]	[]	[]	[]	[]
148	65	[95, 96]	[94, 95, 96]	[95]	[95, 96]	[95]	[95]
148	66	[88]	[86, 87, 88]	[88]	[88]	[88]	[88]
148	67	[89]	[89]	[89]	[89]	[89]	[89]
148	68	[73]	[72, 73]	[73]	[72, 73]	[73]	[73]
148	70	[98]	[98]	[98]	[98]	[98]	[98]
148	71	[103]	[103]	[]	[103]	[103, 106]	[103]
148	72	[101]	[101, 108]	[101]	[101, 108]	[101]	[101]
148	73	[102]	[99, 100, 102, 107]	[100, 102]	[99, 100, 102, 109]	[100, 102]	[100, 102]
148	74	[108]	[105]	[105]	[105]	[105]	[105]
148	75	[106]	[106]	[]	[]	[]	[]
148	76	[110]	[109, 110]	[110]	[110]	[110]	[110]
148	78	[116]	[]	[]	[]	[]	[]
148	79	[116]	[]	[]	[]	[115]	[115]
148	80	[114]	[114]	[]	[]	[114]	[114]
148	81	[115]	[115]	[]	[]	[115]	[]
148	82	[]	[113, 116]	[116]	[116]	[116]	[116]
148	83	[117]	[112, 117]	[117]	[112, 117]	[117]	[117]
148	84	[122]	[124]	[124]	[124]	[124]	[124]
148	85	[]	[122]	[]	[122]	[]	[]
148	86	[]	[]	[]	[]	[]	[]
148	87	[118]	[118]	[118]	[118]	[118]	[118]
148	88	[123]	[123]	[123]	[123]	[123]	[123]
148	89	[120]	[119, 120, 121]	[119]	[119, 120]	[119, 120]	[119]
149	0	[7]	[6, 7]	[6]	[6, 7]	[6, 7]	[6, 7]
149	1	[]	[]	[]	[]	[]	[]
149	3	[]	[]	[]	[]	[]	[]
149	4	[3]	[3]	[3]	[3]	[3]	[3]
149	6	[0, 1]	[0, 1, 5]	[0]	[0, 1]	[0, 1]	[1]
149	7	[9]	[8, 9]	[9]	[9]	[9]	[9]
149	8	[12, 13, 14]	[12]	[]	[12]	[]	[]
149	9	[]	[]	[]	[]	[]	[]
149	10	[15]	[15]	[]	[]	[]	[]
149	11	[]	[14]	[14]	[14]	[14]	[14]
149	12	[10]	[10, 15]	[15]	[15]	[15]	[15]
149	13	[8]	[]	[17, 18]	[17, 18]	[17, 18]	[18]
149	14	[19]	[18, 19]	[19]	[19]	[19]	[19]
149	15	[17]	[13, 17]	[]	[20]	[]	[]
149	16	[20]	[20]	[20]	[20]	[20]	[20]
149	17	[22]	[21, 22]	[22]	[21, 22]	[22]	[22]
150	0	[0]	[0]	[0]	[0]	[0]	[0]
150	1	[1]	[1]	[1]	[1]	[1]	[1]
150	2	[]	[]	[]	[]	[]	[]
150	3	[4]	[4]	[4]	[3, 4]	[4]	[4]
150	4	[3]	[3]	[]	[]	[3]	[]
150	5	[8]	[8, 11]	[8]	[8]	[8]	[8]
150	6	[10]	[9, 10]	[10]	[9, 10]	[9, 10]	[10]
150	7	[11, 12]	[12]	[12]	[12]	[12]	[12]
150	8	[7]	[5, 6, 7]	[7]	[6, 7]	[7]	[7]
150	9	[14]	[14]	[14]	[14]	[14]	[14]
150	10	[18]	[15, 16, 17, 18]	[18]	[16, 18]	[18]	[18]
150	11	[]	[]	[]	[]	[]	[]
150	12	[24]	[24]	[24]	[24]	[24]	[24]
150	13	[20]	[20, 23]	[20]	[20, 23]	[20]	[20]
150	14	[26]	[22, 25, 26]	[26]	[25, 26]	[26]	[26]
150	16	[35]	[35]	[35]	[35]	[35]	[35]
150	17	[28]	[28]	[28]	[28]	[28]	[28]
150	18	[36]	[36]	[36]	[36]	[36]	[36]
150	19	[37]	[34, 37]	[37]	[34, 37]	[37]	[37]
150	20	[29]	[29]	[29]	[29]	[29]	[29]
150	21	[30]	[21, 30]	[30]	[30]	[30]	[30]
150	22	[31]	[31]	[31]	[31]	[31]	[31]
150	23	[33]	[32, 33, 48]	[33]	[32, 33]	[33]	[33]
150	25	[40]	[40]	[40]	[40]	[40]	[40]
150	26	[39]	[39]	[39]	[39]	[39]	[39]
150	27	[]	[]	[]	[]	[]	[]
150	28	[42]	[41, 42]	[42]	[42]	[42]	[42]
150	30	[]	[44]	[44]	[44]	[44]	[44]
150	31	[]	[]	[]	[]	[]	[]
150	32	[45, 46]	[45, 46]	[45, 46]	[45, 46]	[45, 46]	[45, 46]
150	33	[44]	[43, 47]	[]	[]	[]	[]
150	34	[44]	[]	[]	[]	[]	[]
151	0	[0]	[0]	[0]	[0]	[0]	[0]
151	1	[]	[]	[]	[]	[]	[]
151	2	[]	[8]	[]	[]	[]	[]
151	4	[]	[]	[]	[]	[]	[]
151	5	[5]	[5]	[5]	[5]	[5]	[5]
151	7	[7, 8, 9, 10]	[1, 2, 10]	[2]	[2, 7]	[2]	[2]
151	8	[7, 8, 9, 10]	[3, 9]	[1]	[1, 3]	[1]	[1]
151	9	[11]	[11]	[11]	[11]	[11]	[11]
151	10	[13]	[13]	[13]	[13]	[13]	[13]
151	11	[14]	[]	[]	[]	[]	[]
151	12	[14]	[7, 12, 14]	[12]	[12, 14]	[12, 14]	[12, 14]
152	0	[0]	[0]	[0]	[0]	[0]	[0]
152	2	[2]	[2]	[2]	[2]	[2]	[2]
152	3	[8]	[6, 7, 8]	[7]	[7, 8]	[7]	[7]
152	4	[5]	[3, 4, 5]	[5]	[3, 5]	[5]	[5]
152	6	[]	[]	[]	[]	[]	[]
152	7	[10]	[10]	[10]	[10]	[10]	[10]
152	9	[12]	[12, 14]	[12]	[12]	[12]	[12]
152	10	[14]	[14]	[14]	[14]	[14]	[14]
152	11	[17]	[17]	[17]	[17]	[17]	[17]
152	12	[16]	[16]	[16]	[16]	[16]	[16]
152	13	[13]	[13, 15]	[13]	[13, 15]	[13]	[13]
153	0	[0]	[0]	[0]	[0]	[0]	[0]
153	2	[2, 4]	[4]	[4]	[4]	[4]	[4]
153	3	[2, 4]	[]	[]	[]	[]	[]
153	4	[2, 4]	[2, 5]	[2]	[2]	[2]	[2]
154	0	[0]	[0]	[0]	[0]	[0]	[0]
154	2	[4]	[2, 3, 4]	[3, 4]	[2, 3, 4]	[3, 4]	[3, 4]
154	3	[2]	[]	[]	[]	[]	[]
155	0	[0]	[0]	[0]	[0]	[0]	[0]
155	2	[4]	[4]	[4]	[4]	[4]	[4]
155	3	[2]	[2, 3]	[2]	[2, 3]	[2]	[2]
156	0	[0]	[0]	[0]	[0]	[0]	[0]
156	2	[4]	[2, 3, 4]	[3, 4]	[2, 3, 4]	[3, 4]	[4]
156	3	[5]	[5]	[5]	[5]	[5]	[5]
156	4	[12]	[11, 12]	[12]	[11, 12]	[12]	[12]
156	5	[15]	[15]	[15]	[15]	[15]	[15]
156	6	[6]	[6]	[6]	[6]	[6]	[6]
156	7	[9]	[9]	[9]	[9]	[9]	[9]
156	8	[10]	[8, 10]	[10]	[8, 10]	[10]	[10]
156	9	[7]	[7]	[7]	[7]	[7]	[7]
156	10	[14, 16]	[13, 14, 16]	[13, 14]	[13, 14, 16]	[13, 14]	[14]
157	0	[0]	[0]	[0]	[0]	[0]	[0]
157	2	[4, 5]	[4]	[4]	[4]	[4]	[4]
157	3	[9]	[8, 9]	[9]	[9]	[9]	[9]
157	4	[6]	[5, 6]	[6]	[5, 6]	[6]	[6]
157	5	[3]	[2, 3]	[3]	[2, 3]	[3]	[3]
157	7	[]	[]	[]	[]	[]	[]
157	8	[11]	[11]	[11]	[11]	[11]	[11]
157	10	[13]	[7, 13]	[13]	[13]	[13]	[13]
157	11	[]	[]	[]	[]	[]	[]
157	12	[18]	[17, 18]	[18]	[17, 18]	[18]	[18]
157	13	[16]	[16]	[16]	[16]	[16]	[16]
157	14	[15]	[14, 15]	[15]	[14, 15]	[15]	[15]
157	16	[20]	[20]	[20]	[20]	[20]	[20]
157	17	[25]	[25]	[25]	[25]	[25]	[25]
157	18	[]	[21]	[]	[21]	[]	[]
157	19	[24]	[21, 22, 23, 24]	[24]	[23, 24]	[24]	[24]
157	20	[]	[26]	[26]	[26]	[26]	[26]
157	21	[22]	[27]	[27]	[27]	[27]	[27]
158	0	[0]	[0]	[0]	[0]	[0]	[0]
158	2	[4]	[]	[]	[]	[4]	[4]
158	3	[]	[4]	[4]	[4]	[4]	[4]
158	4	[5]	[2, 3, 5]	[5]	[3, 5]	[3, 5]	[5]
158	5	[7]	[7]	[7]	[7]	[7]	[7]
158	6	[9, 10]	[8, 9, 10]	[10]	[9, 10]	[10]	[10]
159	0	[0]	[0]	[0]	[0]	[0]	[0]
159	2	[3]	[3]	[3]	[3]	[3]	[3]
159	3	[4, 5]	[2, 4, 5]	[5]	[4, 5]	[4, 5]	[5]
160	0	[0]	[0]	[0]	[0]	[0]	[0]
160	2	[2]	[2]	[2]	[2]	[2]	[2]
160	3	[3]	[3]	[3]	[3]	[3]	[3]
160	4	[6]	[6]	[6]	[6]	[6]	[6]
160	5	[9, 10]	[9, 10]	[9, 10]	[9, 10]	[9, 10]	[10]
160	6	[7]	[4, 5, 7]	[5, 7]	[4, 5, 7]	[5, 7]	[5, 7]
160	7	[8]	[8]	[8]	[8]	[8]	[8]
160	9	[12, 13]	[12, 13]	[13]	[12, 13]	[12, 13]	[12, 13]
160	10	[18]	[17, 18]	[18]	[17, 18]	[18]	[18]
160	11	[14]	[14, 15, 16]	[14]	[14, 16]	[14]	[14]
161	0	[0]	[0]	[0]	[0]	[0]	[0]
161	2	[2]	[2, 4]	[2]	[2, 4]	[2, 4]	[2]
161	3	[6]	[6]	[6]	[6]	[6]	[6]
161	4	[]	[]	[]	[7]	[]	[]
161	5	[7]	[7]	[7]	[7]	[7]	[7]
161	7	[]	[]	[]	[]	[]	[]
161	8	[9]	[9]	[9]	[9]	[9]	[9]
161	10	[17]	[12, 17]	[17]	[12, 17]	[12, 17]	[12, 17]
161	11	[]	[]	[]	[]	[]	[]
161	12	[15]	[15]	[15]	[15]	[15]	[15]
161	13	[13]	[11, 13, 14]	[13]	[13, 14]	[13]	[13]
161	14	[]	[]	[]	[]	[]	[]
161	15	[18]	[18]	[18]	[18]	[18]	[18]
161	16	[]	[]	[]	[]	[]	[]
161	17	[19]	[19]	[19]	[19]	[19]	[19]
161	18	[20]	[20]	[20]	[20]	[20]	[20]
161	19	[21]	[21]	[21]	[21]	[21]	[21]
161	20	[16]	[16]	[16]	[16]	[16]	[16]
161	22	[23]	[23]	[23]	[23]	[23]	[23]
161	23	[]	[]	[]	[]	[]	[]
161	24	[29]	[24, 28, 29]	[29]	[28, 29]	[29]	[29]
161	25	[32]	[30, 31, 32]	[30, 32]	[30, 31, 32]	[30, 31, 32]	[30, 32]
161	26	[27]	[25, 26, 27]	[27]	[26, 27]	[27]	[27]
161	27	[34]	[34, 45]	[34]	[34]	[34]	[34]
161	28	[35]	[35]	[35]	[35]	[35]	[35]
161	29	[36]	[36]	[36]	[36]	[36]	[36]
161	30	[38]	[37, 38]	[37, 38]	[37, 38]	[37, 38]	[37, 38]
161	32	[40]	[40]	[40]	[40]	[40]	[40]
161	33	[42]	[42, 44]	[42]	[42]	[42]	[42]
161	34	[46]	[46]	[46]	[46]	[46]	[46]
161	35	[43]	[]	[]	[]	[]	[]
161	36	[45]	[41, 43]	[43]	[41, 43]	[43]	[43]
161	37	[48]	[48]	[48]	[48]	[48]	[48]
161	38	[54, 56, 57]	[52, 54, 56]	[54]	[54, 56]	[54]	[54]
161	39	[55]	[55, 57]	[55]	[55, 57]	[55]	[55]
161	40	[51, 52, 53]	[49, 50, 51, 53]	[49, 51]	[49, 50, 51]	[49, 51]	[49, 51]
162	0	[]	[0]	[]	[0]	[]	[]
162	1	[2]	[2]	[2]	[2]	[2]	[2]
162	2	[]	[]	[]	[]	[]	[]
162	3	[]	[]	[]	[]	[]	[]
162	4	[9]	[9]	[9]	[9]	[9]	[9]
162	5	[]	[]	[]	[]	[]	[]
162	6	[7]	[7]	[]	[7]	[]	[]
162	7	[4]	[4, 11]	[4]	[4]	[4]	[4]
162	8	[4, 7]	[]	[]	[]	[]	[]
162	9	[5]	[5]	[5]	[5]	[5]	[5]
162	10	[6]	[6]	[6]	[6]	[6]	[6]
162	11	[3, 12, 13, 14]	[1, 3, 8, 10, 13]	[3, 13]	[1, 3, 13]	[3, 13]	[3, 13]
162	12	[]	[12]	[12]	[12]	[12]	[12]
162	13	[]	[7, 14]	[14]	[14]	[14]	[14]
162	15	[20, 21, 22]	[19, 20]	[20]	[20]	[20]	[20]
162	16	[16]	[16]	[16]	[16]	[16]	[16]
162	17	[20, 21, 22]	[21]	[]	[21]	[20]	[]
162	18	[23]	[23]	[23]	[23]	[23]	[23]
162	19	[24]	[24]	[24]	[24]	[24]	[24]
162	20	[]	[22]	[]	[]	[]	[]
162	21	[25]	[17, 18, 25]	[]	[25]	[25]	[]
162	22	[26]	[26]	[26]	[26]	[26]	[26]
162	24	[28]	[28]	[]	[]	[28]	[]
162	25	[33]	[32, 33]	[33]	[32, 33]	[33]	[33]
162	26	[31]	[31]	[31]	[31]	[31]	[31]
162	27	[34]	[34]	[34]	[34]	[34]	[34]
162	28	[35]	[35]	[35]	[35]	[35]	[35]
162	29	[30]	[29, 30]	[30]	[29, 30]	[30]	[30]
163	0	[0]	[0]	[0]	[0]	[0]	[0]
163	2	[2]	[]	[]	[]	[]	[]
163	3	[2]	[2]	[2]	[2]	[2]	[2]
163	4	[]	[7, 10]	[7]	[7, 10]	[7]	[7]
163	6	[]	[]	[]	[]	[]	[]
163	7	[4]	[4]	[4]	[4]	[4]	[4]
163	9	[9]	[9, 16]	[9]	[9, 16]	[9]	[9]
163	10	[8]	[6, 8, 15]	[8]	[8, 15]	[8]	[8]
163	11	[16]	[14]	[]	[]	[16]	[]
163	12	[12, 13]	[11, 12, 13]	[13]	[12, 13]	[13]	[13]
163	13	[]	[]	[]	[]	[]	[]
163	14	[17]	[17]	[17]	[17]	[17]	[17]
163	15	[19]	[18, 19]	[19]	[18, 19]	[19]	[19]
163	16	[21]	[21]	[21]	[21]	[21]	[21]
163	17	[20]	[20]	[20]	[20]	[20]	[20]
164	0	[0]	[0]	[0]	[0]	[0]	[0]
164	2	[]	[]	[]	[]	[]	[]
164	3	[2]	[2, 3]	[2]	[2, 3]	[2]	[2]
164	5	[]	[]	[]	[]	[]	[]
164	6	[7]	[7]	[7]	[7]	[7]	[7]
164	8	[5]	[4, 5]	[4]	[4, 5]	[4, 5]	[4, 5]
164	9	[11]	[11]	[11]	[11]	[11]	[11]
164	10	[12]	[12]	[12]	[12]	[12]	[12]
164	11	[13]	[13]	[13]	[13]	[13]	[13]
164	12	[9, 10]	[9, 10]	[9, 10]	[9, 10]	[9, 10]	[9, 10]
164	14	[15]	[15]	[15]	[15]	[15]	[15]
164	15	[19]	[19, 21, 22]	[19]	[19, 22]	[19]	[19]
164	16	[24]	[24]	[24]	[24]	[24]	[24]
164	17	[23]	[18, 23]	[23]	[18, 23]	[18, 23]	[23]
164	18	[16]	[16]	[]	[16]	[16]	[]
164	19	[17]	[17]	[17]	[17]	[17]	[17]
164	20	[27]	[]	[]	[]	[]	[]
164	21	[20, 21, 22]	[25]	[25]	[25]	[]	[]
164	22	[20, 21, 22]	[20]	[]	[]	[]	[]
164	23	[27]	[26, 27]	[27]	[27]	[27]	[27]
164	24	[29]	[28, 29]	[29]	[28, 29]	[29]	[29]
164	25	[]	[]	[]	[]	[]	[]
164	26	[30]	[30]	[30]	[30]	[30]	[30]
165	0	[0]	[0]	[0]	[0]	[0]	[0]
165	2	[4]	[3]	[3]	[3]	[3]	[3]
165	3	[2]	[2, 4]	[2]	[2]	[2]	[2]
165	5	[6]	[6]	[6]	[6]	[6]	[6]
165	6	[7]	[7]	[7]	[7]	[7]	[7]
165	7	[]	[]	[]	[]	[]	[]
165	8	[11]	[11]	[11]	[11]	[11]	[11]
165	9	[12]	[12]	[12]	[12]	[12]	[12]
165	10	[10]	[8, 9, 10]	[10]	[9, 10]	[10]	[10]
166	0	[0]	[0]	[0]	[0]	[0]	[0]
166	2	[4]	[4, 9]	[4]	[4, 9]	[4, 9]	[4]
166	4	[]	[]	[]	[]	[]	[]
166	5	[6]	[6]	[6]	[6]	[6]	[6]
166	7	[3]	[2, 3]	[3]	[2, 3]	[3]	[3]
166	8	[8]	[8, 14]	[8]	[8, 14]	[8]	[8]
166	10	[13]	[11, 13]	[13]	[13]	[13]	[13]
166	11	[16]	[15, 16]	[16]	[15, 16]	[16]	[16]
166	13	[11]	[]	[]	[]	[]	[]
166	14	[]	[]	[]	[]	[]	[]
166	15	[12]	[12]	[12]	[12]	[12]	[12]
166	17	[18]	[18]	[18]	[18]	[18]	[18]
166	18	[22]	[22]	[22]	[22]	[22]	[22]
166	19	[23]	[23]	[23]	[23]	[23]	[23]
166	20	[]	[]	[]	[]	[]	[]
166	21	[25]	[25]	[25]	[25]	[25]	[25]
166	22	[26]	[26]	[26]	[26]	[26]	[26]
166	23	[24]	[24]	[24]	[24]	[24]	[24]
166	24	[]	[]	[]	[]	[]	[]
166	25	[19]	[19]	[19]	[19]	[19]	[19]
166	26	[20]	[20]	[20]	[20]	[20]	[20]
166	27	[21]	[21]	[21]	[21]	[21]	[21]
166	29	[]	[28]	[28]	[28]	[28]	[28]
166	30	[]	[34]	[]	[34]	[34]	[]
166	32	[]	[39]	[]	[]	[]	[]
166	33	[34]	[]	[]	[]	[]	[]
166	34	[35]	[35]	[35]	[35]	[35]	[35]
166	36	[]	[29, 31]	[]	[]	[29]	[29]
166	37	[]	[30, 32]	[32]	[32]	[32]	[32]
166	38	[38]	[37, 38]	[38]	[37, 38]	[38]	[38]
166	39	[]	[]	[]	[]	[]	[]
166	40	[]	[40, 41]	[41]	[41]	[41]	[41]
167	0	[0]	[0]	[0]	[0]	[0]	[0]
167	2	[2]	[2, 3]	[2]	[2, 3]	[2]	[2]
167	3	[4]	[4, 5]	[4]	[4]	[4]	[4]
167	5	[]	[]	[]	[]	[]	[]
167	6	[8]	[8]	[8]	[8]	[8]	[8]
167	7	[9]	[9]	[9]	[9]	[9]	[9]
167	8	[10]	[7, 10]	[10]	[7, 10]	[7, 10]	[10]
167	9	[11]	[11]	[11]	[11]	[11]	[11]
167	10	[12]	[12]	[12]	[12]	[12]	[12]
167	12	[18]	[17, 18]	[18]	[17, 18]	[18]	[18]
167	13	[]	[20]	[20]	[20]	[20]	[20]
167	14	[16]	[14, 15, 16]	[16]	[16]	[16]	[16]
167	15	[22]	[21, 22]	[22]	[21, 22]	[22]	[22]
167	16	[19]	[19]	[19]	[19]	[19]	[19]
168	0	[0]	[0]	[0]	[0]	[0]	[0]
168	2	[4]	[4]	[4]	[4]	[4]	[4]
168	3	[5]	[5]	[5]	[5]	[5]	[5]
168	4	[6]	[2, 3, 6]	[3]	[3, 6]	[3]	[3]
168	6	[8]	[8]	[8]	[8]	[8]	[8]
168	7	[10]	[10]	[10]	[10]	[10]	[10]
168	8	[]	[]	[]	[]	[]	[]
168	9	[9]	[9]	[9]	[9]	[9]	[9]
168	10	[13]	[11, 12, 13]	[13]	[12, 13]	[12, 13]	[12, 13]
168	11	[14]	[14]	[14]	[14]	[14]	[14]
168	12	[15]	[15]	[15]	[15]	[15]	[15]
168	13	[]	[16]	[16]	[16]	[16]	[16]
168	14	[17]	[17]	[17]	[17]	[17]	[17]
168	15	[23]	[18, 21, 22, 23]	[23]	[22, 23]	[23]	[23]
168	16	[20]	[19, 20]	[19]	[19, 20]	[19]	[19]
168	17	[24]	[24]	[24]	[24]	[24]	[24]
168	18	[25]	[25]	[25]	[25]	[25]	[25]
168	19	[26]	[26]	[26]	[26]	[26]	[26]
168	20	[27]	[27]	[27]	[27]	[27]	[27]
168	21	[29]	[29]	[29]	[29]	[29]	[29]
168	22	[28]	[28]	[28]	[28]	[28]	[28]
169	0	[3]	[1, 2, 3]	[3]	[2, 3]	[3]	[3]
169	1	[0]	[0]	[0]	[0]	[0]	[0]
169	2	[4]	[4]	[4]	[4]	[4]	[4]
169	3	[]	[5]	[5]	[5]	[5]	[5]
169	4	[]	[]	[]	[]	[]	[]
169	5	[]	[6, 7]	[6]	[6, 7]	[6, 7]	[6]
169	6	[8]	[8]	[8]	[8]	[8]	[8]
169	7	[11]	[9, 10, 11]	[11]	[10, 11]	[11]	[11]
169	8	[12]	[12]	[12]	[12]	[12]	[12]
169	10	[14]	[14]	[14]	[14]	[14]	[14]
169	11	[22]	[]	[]	[]	[]	[]
169	12	[15]	[15]	[15]	[15]	[15]	[15]
169	13	[16]	[]	[]	[]	[]	[]
169	14	[16]	[16]	[16]	[16]	[16]	[16]
169	15	[22]	[]	[]	[]	[]	[]
169	17	[]	[]	[]	[]	[]	[]
169	18	[18]	[18]	[18]	[18]	[18]	[18]
169	20	[]	[]	[]	[]	[]	[]
169	21	[21]	[21]	[21]	[21]	[21]	[21]
169	22	[20]	[20]	[20]	[20]	[20]	[20]
169	23	[23]	[22, 23]	[23]	[23]	[23]	[23]
170	0	[0]	[0]	[0]	[0]	[0]	[0]
170	2	[2]	[2]	[2]	[2]	[2]	[2]
170	4	[]	[]	[]	[]	[]	[]
170	5	[4]	[4]	[4]	[4]	[4]	[4]
170	7	[7]	[7, 9, 16]	[7]	[7]	[7]	[7]
170	8	[6]	[6, 10]	[6]	[6]	[6]	[6]
170	10	[12]	[12]	[12]	[12]	[12]	[12]
170	11	[13]	[13]	[13]	[13]	[13]	[13]
170	12	[18]	[18]	[18]	[18]	[18]	[18]
170	13	[19]	[17, 19]	[19]	[17, 19]	[19]	[19]
170	14	[]	[14, 15]	[15]	[15, 16]	[15]	[15]
170	16	[21]	[21]	[21]	[21]	[21]	[21]
170	17	[22]	[8, 22, 23]	[22]	[8, 22, 23]	[22]	[22]
170	19	[29]	[29]	[29]	[29]	[29]	[29]
170	20	[25]	[25]	[25]	[25]	[25]	[25]
170	21	[30]	[27, 28, 30]	[30]	[27, 28, 30]	[30]	[30]
170	22	[33]	[32, 33]	[33]	[32, 33]	[33]	[33]
170	23	[31]	[31]	[31]	[31]	[31]	[31]
170	24	[34]	[34]	[34]	[34]	[34]	[34]
171	0	[0]	[0]	[0]	[0]	[0]	[0]
171	2	[]	[2, 3, 5]	[2]	[2, 3]	[2]	[2]
171	3	[9]	[9]	[9]	[9]	[9]	[9]
171	4	[5]	[4, 6, 7, 8]	[8]	[6, 8]	[8]	[8]
172	0	[0]	[0]	[0]	[0]	[0]	[0]
172	2	[2]	[2]	[2]	[2]	[2]	[2]
172	3	[5]	[5]	[5]	[5]	[5]	[5]
172	4	[4]	[3, 4]	[3, 4]	[3, 4]	[3, 4]	[4]
172	6	[11]	[10, 11]	[11]	[10, 11]	[10, 11]	[11]
172	7	[]	[]	[]	[]	[]	[]
172	8	[]	[]	[]	[]	[]	[]
172	9	[12, 13]	[12]	[12]	[12]	[12]	[12]
172	10	[8]	[8, 19]	[8]	[8, 19]	[8]	[8]
172	11	[7]	[7]	[7]	[7]	[7]	[7]
172	12	[9]	[9, 20]	[9]	[9]	[9]	[9]
172	13	[]	[21]	[21]	[21]	[21]	[]
172	14	[]	[13]	[13]	[13]	[13]	[13]
172	15	[]	[]	[]	[]	[]	[]
172	16	[16, 17]	[16, 17]	[16]	[16, 17]	[16]	[16]
172	17	[14]	[14]	[14]	[14]	[14]	[14]
172	18	[15]	[15]	[15]	[15]	[15]	[15]
173	0	[0]	[0]	[0]	[0]	[0]	[0]
173	2	[4]	[4]	[4]	[4]	[4]	[4]
173	3	[]	[2]	[2]	[2]	[2]	[2]
173	4	[3]	[3, 10]	[3]	[3]	[3]	[3]
173	5	[2]	[]	[]	[]	[]	[]
173	6	[]	[5]	[]	[]	[]	[]
173	7	[10]	[8, 9, 10]	[9]	[9, 10]	[9]	[9]
173	8	[6, 7]	[6, 7]	[7]	[6, 7]	[7]	[7]
174	0	[0]	[0]	[0]	[0]	[0]	[0]
174	2	[8]	[8]	[8]	[8]	[8]	[8]
174	3	[2]	[2]	[2]	[2]	[2]	[2]
174	4	[]	[10]	[]	[10]	[]	[]
174	5	[11]	[]	[]	[]	[]	[]
174	6	[11]	[11]	[11]	[11]	[11]	[11]
174	7	[5]	[4, 5]	[5]	[4, 5]	[5]	[5]
174	8	[6]	[6]	[6]	[6]	[6]	[6]
174	9	[9, 10]	[7, 9]	[9]	[7, 9]	[9]	[9]
174	10	[13]	[13]	[13]	[13]	[13]	[13]
174	11	[]	[]	[]	[]	[]	[]
174	12	[14]	[14]	[14]	[14]	[14]	[14]
175	0	[1, 2, 5]	[1, 2, 3, 5]	[1, 2]	[1, 2]	[1, 2]	[1, 2]
175	1	[0]	[0]	[0]	[0]	[0]	[0]
175	2	[]	[]	[]	[]	[]	[]
175	3	[6]	[6]	[6]	[6]	[6]	[6]
175	4	[7]	[7]	[7]	[7]	[7]	[7]
175	5	[8]	[8]	[8]	[8]	[8]	[8]
175	6	[]	[9, 10]	[10]	[9, 10]	[10]	[10]
175	7	[12]	[11, 12, 13, 14]	[12]	[11, 12, 13]	[12]	[12]
175	8	[13, 14]	[15, 16, 17]	[16]	[15, 16]	[14, 15, 16, 17]	[14, 16]
175	9	[19]	[4, 19]	[19]	[19]	[19]	[19]
175	10	[]	[18]	[]	[18]	[]	[]
175	11	[20]	[20]	[20]	[20]	[20]	[20]
175	13	[22]	[22]	[22]	[22]	[22]	[22]
175	14	[]	[23, 24, 25]	[23]	[23, 24]	[23]	[23]
175	15	[]	[28, 29]	[29]	[29]	[29]	[29]
175	16	[28, 30, 31, 32]	[30, 31, 32]	[32]	[30, 31, 32]	[32]	[32]
175	17	[]	[]	[]	[]	[]	[]
175	18	[27]	[]	[]	[]	[]	[]
175	19	[27]	[27]	[27]	[27]	[27]	[27]
175	20	[26]	[26]	[26]	[26]	[26]	[26]
176	0	[0]	[0]	[0]	[0]	[0]	[0]
176	2	[3]	[3]	[3]	[3]	[3]	[3]
176	3	[]	[]	[]	[]	[]	[]
176	4	[]	[]	[]	[]	[]	[]
176	5	[2]	[2]	[2]	[2]	[2]	[2]
176	6	[4]	[4]	[4]	[4]	[4]	[4]
176	7	[5]	[5]	[5]	[5]	[5]	[5]
177	0	[0]	[0]	[0]	[0]	[0]	[0]
177	2	[3]	[2, 3, 4]	[3]	[3]	[3]	[3]
177	3	[5]	[5]	[5]	[5]	[5]	[5]
177	4	[2]	[18]	[]	[18]	[18]	[]
177	5	[9]	[9]	[9]	[9]	[9]	[9]
177	6	[16]	[16, 17]	[16]	[16, 17]	[16]	[16]
177	7	[6]	[6]	[6]	[6]	[6]	[6]
177	8	[]	[]	[]	[]	[]	[]
177	9	[8]	[8]	[8]	[8]	[8]	[8]
177	11	[13]	[13]	[13]	[13]	[13]	[13]
177	12	[14]	[14]	[14]	[14]	[14]	[14]
177	13	[11]	[11, 12]	[11, 12]	[11, 12]	[11, 12]	[11, 12]
177	15	[20]	[20]	[20]	[20]	[20]	[20]
177	16	[21]	[21]	[21]	[21]	[21]	[21]
177	17	[22]	[19]	[22]	[19, 22]	[22]	[22]
177	18	[23]	[22, 23]	[23]	[23]	[23]	[23]
177	20	[]	[]	[]	[]	[]	[]
177	21	[26]	[26]	[26]	[26]	[26]	[26]
177	24	[31]	[28, 31]	[31]	[28, 31]	[31]	[31]
177	25	[]	[33]	[]	[]	[]	[]
177	26	[30]	[29, 30]	[30]	[29, 30]	[30]	[30]
177	27	[37]	[35, 37]	[37]	[37]	[37]	[37]
177	28	[36]	[36]	[36]	[36]	[36]	[36]
177	29	[34]	[32, 33, 34]	[34]	[33, 34]	[33, 34]	[33, 34]
178	0	[0]	[0]	[0]	[0]	[0]	[0]
178	2	[3]	[3]	[3]	[3]	[3]	[3]
178	3	[2]	[2]	[2]	[2]	[2]	[2]
178	4	[4]	[4]	[4]	[4]	[4]	[4]
178	6	[]	[]	[]	[]	[]	[]
178	7	[6]	[6]	[6]	[6]	[6]	[6]
179	0	[0]	[0]	[0]	[0]	[0]	[0]
179	2	[5]	[5, 6]	[5]	[5]	[5]	[5]
179	3	[]	[4, 10]	[6]	[4, 6]	[4, 6, 10]	[6]
179	4	[8, 9, 10]	[2]	[2]	[2, 10]	[2, 6, 10]	[2, 10]
179	6	[]	[8]	[]	[]	[]	[]
179	7	[]	[9]	[]	[9]	[9]	[9]
179	8	[12]	[12]	[12]	[12]	[12]	[12]
179	9	[13]	[13]	[13]	[13]	[13]	[13]
179	11	[]	[]	[]	[]	[]	[]
179	12	[15]	[15]	[15]	[15]	[15]	[15]
180	0	[0]	[0]	[0]	[0]	[0]	[0]
180	2	[2]	[2, 3]	[2]	[2]	[2]	[2]
180	3	[]	[]	[]	[]	[]	[]
180	5	[5]	[]	[]	[]	[]	[]
180	6	[5]	[5]	[5]	[5]	[5]	[5]
181	0	[0]	[0]	[0]	[0]	[0]	[0]
181	2	[]	[2]	[2]	[2]	[2]	[2]
181	3	[3]	[3]	[3]	[3]	[3]	[3]
181	4	[4]	[4]	[4]	[4]	[4]	[4]
181	6	[]	[]	[]	[6]	[]	[]
181	7	[6]	[6]	[6]	[6]	[6]	[6]
181	8	[7]	[7]	[7]	[7]	[7]	[7]
181	9	[10]	[9, 10]	[10]	[9, 10]	[10]	[10]
181	10	[8]	[8]	[8]	[8]	[8]	[8]
181	11	[11]	[11]	[11]	[11]	[11]	[11]
181	12	[12]	[12, 13]	[12]	[12, 13]	[12]	[12]
181	14	[15]	[15]	[15]	[15]	[15]	[15]
181	15	[29]	[28, 29]	[29]	[28, 29]	[29]	[29]
181	17	[17]	[17]	[17]	[17]	[17]	[17]
181	18	[18]	[18]	[18]	[18]	[18]	[18]
181	19	[19]	[19, 27]	[19]	[19]	[19]	[19]
181	21	[24]	[24, 25]	[24]	[24, 25]	[24]	[24]
181	22	[26]	[26]	[26]	[26]	[26]	[26]
181	23	[27]	[27]	[27]	[27]	[27]	[27]
181	24	[23]	[21, 22, 23]	[23]	[22, 23]	[23]	[23]
181	26	[31]	[31]	[31]	[31]	[31]	[31]
181	27	[]	[]	[]	[]	[]	[]
181	28	[]	[]	[]	[]	[]	[]
181	29	[]	[]	[]	[]	[]	[]
181	30	[34]	[33, 34]	[34]	[34]	[34]	[34]
181	31	[37]	[35]	[]	[35]	[]	[]
181	32	[36]	[36]	[36]	[36]	[36]	[36]
181	33	[38]	[37, 38]	[37, 38]	[37, 38]	[37, 38]	[37, 38]
181	34	[39]	[32, 39]	[32]	[32, 39]	[32]	[32]
181	35	[]	[41]	[41]	[41]	[41]	[41]
181	36	[41, 43]	[]	[]	[]	[41]	[41]
181	37	[41, 43]	[43]	[43]	[43]	[43]	[43]
181	38	[42]	[40, 42, 60]	[42]	[42]	[42]	[42]
181	40	[46]	[46]	[]	[]	[46]	[46]
181	41	[45]	[45, 46]	[45]	[45, 46]	[45]	[45]
181	42	[]	[]	[]	[]	[]	[]
181	43	[48]	[48, 49]	[48]	[48, 49]	[48]	[48]
181	44	[59]	[58, 59]	[59]	[58, 59]	[59]	[59]
181	46	[50]	[50]	[50]	[50]	[50]	[50]
181	47	[56]	[56]	[56]	[56]	[56]	[56]
181	48	[55]	[55]	[55]	[55]	[55]	[55]
181	49	[54]	[54]	[]	[54]	[54]	[]
181	50	[52]	[52, 78]	[78]	[52, 78]	[78]	[78]
181	51	[57]	[57]	[57]	[57]	[57]	[57]
181	52	[53]	[51, 53]	[]	[]	[]	[]
181	54	[]	[74, 75]	[75]	[74, 75]	[75]	[75]
181	55	[61]	[]	[]	[]	[]	[]
181	56	[61]	[]	[]	[]	[]	[]
181	57	[61]	[61]	[]	[]	[]	[]
181	58	[64]	[64]	[64]	[64]	[64]	[64]
181	59	[63]	[62, 63]	[63]	[63]	[63]	[63]
181	60	[65]	[65]	[65]	[65]	[65]	[65]
181	61	[69]	[66, 67, 68, 69]	[69]	[68, 69]	[69]	[69]
181	62	[71]	[70, 71]	[71]	[70, 71]	[70, 71]	[71]
181	63	[72]	[72]	[72]	[72]	[72]	[72]
181	65	[79, 80, 81]	[76, 77, 79, 80, 81]	[79, 81]	[76, 79, 81]	[79, 81]	[79, 81]
182	0	[0, 1]	[0, 1]	[1]	[0, 1]	[1]	[1]
182	1	[2]	[2]	[2]	[2]	[2]	[2]
182	2	[]	[4]	[4]	[4]	[4]	[4]
182	3	[7]	[7]	[7]	[7]	[7]	[7]
182	4	[5]	[5, 6]	[5]	[5]	[5]	[5]
182	5	[9]	[12, 13]	[12, 13]	[12, 13]	[12, 13]	[12, 13]
182	6	[3]	[3]	[3]	[3]	[3]	[3]
182	7	[8]	[8, 9]	[8]	[8]	[8]	[8]
182	8	[11]	[10, 11]	[11]	[10, 11]	[11]	[11]
182	9	[14]	[14]	[14]	[14]	[14]	[14]
182	10	[17]	[15]	[15]	[15]	[15]	[15]
182	11	[16]	[16, 17, 19]	[16]	[16]	[16]	[16]
182	12	[]	[]	[]	[]	[]	[]
182	13	[18]	[18, 20]	[18]	[18]	[18]	[18]
182	14	[21]	[21]	[21]	[21]	[21]	[21]
182	16	[27]	[27]	[27]	[27]	[27]	[27]
182	17	[23]	[23]	[23]	[23]	[23]	[23]
182	18	[28]	[26, 28]	[26, 28]	[26, 28]	[26, 28]	[26, 28]
182	19	[]	[]	[]	[]	[]	[]
182	20	[24]	[24, 25]	[24]	[24, 25]	[24]	[24]
182	21	[29]	[29]	[29]	[29]	[29]	[29]
182	22	[43]	[30, 43]	[30]	[30, 43]	[30, 43]	[30]
182	23	[]	[]	[]	[]	[]	[]
182	24	[44]	[]	[]	[]	[]	[]
182	25	[44]	[31, 32, 44]	[31, 32]	[31, 32]	[31, 32]	[31, 32]
182	26	[37, 38]	[33, 34, 36, 37, 38]	[37]	[37, 38]	[37]	[37]
182	27	[39, 40]	[39, 40]	[40]	[40]	[40]	[40]
182	28	[30]	[20, 35]	[35]	[35]	[35]	[35]
182	29	[32]	[42, 44]	[]	[44]	[44]	[]
183	0	[0]	[0]	[0]	[0]	[0]	[0]
183	2	[2]	[2]	[2]	[2]	[2]	[2]
183	3	[8]	[8]	[8]	[8]	[8]	[8]
183	4	[10]	[10]	[10]	[10]	[10]	[10]
183	6	[]	[4]	[4]	[4]	[4]	[4]
183	7	[5]	[5]	[5]	[5]	[5]	[5]
183	8	[6]	[6]	[6]	[6]	[6]	[6]
183	10	[12, 13]	[12, 13]	[12]	[12, 13]	[12]	[12]
183	11	[]	[14, 15]	[15]	[14, 15]	[14, 15]	[15]
183	12	[]	[]	[]	[]	[]	[]
183	13	[16]	[16, 17]	[16]	[16, 17]	[16]	[16]
183	14	[]	[18, 27]	[18]	[18, 27]	[18, 27]	[18, 27]
183	15	[11]	[9, 11]	[11]	[9, 11]	[11]	[11]
183	17	[]	[21]	[21]	[21]	[21]	[21]
183	18	[20]	[20]	[20]	[20]	[20]	[20]
183	19	[23]	[22, 23, 24]	[23]	[22, 23, 24]	[22, 23, 24]	[22, 23]
183	21	[26]	[26]	[26]	[26]	[26]	[26]
183	22	[29]	[29]	[29]	[29]	[29]	[29]
183	23	[30]	[28, 30]	[30]	[28, 30]	[30]	[30]
183	24	[31]	[31]	[31]	[31]	[31]	[31]
183	26	[34]	[33, 34, 35]	[33, 34]	[33, 34]	[33, 34]	[33, 34]
183	27	[36]	[36]	[36]	[36]	[36, 40]	[36]
183	28	[]	[]	[]	[]	[]	[]
183	29	[38]	[37, 38]	[38]	[37, 38]	[37, 38]	[38]
183	30	[39]	[39]	[39]	[39]	[39]	[39]
183	31	[]	[41, 42]	[42]	[42]	[42]	[42]
183	32	[44]	[40, 43, 44]	[44]	[43, 44]	[44]	[44]
184	0	[0]	[0]	[0]	[0]	[0]	[0]
184	2	[2]	[2]	[2]	[2]	[2]	[2]
184	3	[4]	[3, 4]	[3, 4]	[3, 4]	[3, 4]	[3, 4]
184	4	[]	[]	[]	[]	[]	[]
184	5	[]	[]	[]	[]	[]	[]
184	6	[7]	[5, 6, 7]	[7]	[6, 7]	[7]	[7]
184	8	[]	[]	[]	[]	[]	[]
184	9	[9]	[9]	[9]	[9]	[9]	[9]
184	11	[]	[]	[]	[]	[]	[]
184	12	[14]	[14]	[14]	[14]	[14]	[14]
184	13	[17]	[17]	[17]	[17]	[17]	[17]
184	14	[18]	[16, 18]	[18]	[16, 18]	[18]	[18]
184	15	[15]	[15]	[15]	[15]	[15]	[15]
184	16	[12]	[11, 12, 13]	[12]	[11, 12]	[12]	[12]
184	18	[22]	[21, 22]	[21, 22]	[21, 22]	[21, 22]	[21, 22]
184	19	[20]	[20]	[20]	[20]	[20]	[20]
184	20	[]	[28]	[28]	[28]	[28]	[28]
184	21	[]	[]	[]	[]	[]	[]
184	22	[]	[23]	[23]	[23]	[23]	[23]
184	23	[27]	[24, 26, 27]	[27]	[26, 27]	[27]	[27]
184	24	[29]	[29]	[29]	[29]	[29]	[29]
184	25	[33]	[33]	[33]	[33]	[33]	[33]
184	26	[33]	[]	[]	[]	[]	[]
184	27	[32]	[25, 32]	[32]	[25, 32]	[25, 32]	[32]
184	28	[30]	[30]	[30]	[30]	[30]	[30]
184	29	[31]	[31]	[31]	[31]	[31]	[31]
184	30	[36]	[36, 38]	[36]	[36]	[36]	[36]
184	31	[40]	[40]	[40]	[40]	[40]	[40]
184	32	[41]	[39, 41]	[41]	[41]	[41]	[41]
184	33	[]	[]	[]	[]	[]	[]
184	34	[48]	[47, 48]	[48]	[48]	[47, 48]	[48]
184	35	[35]	[34, 35, 37]	[35]	[34, 35]	[35]	[35]
184	36	[43]	[43]	[43]	[43]	[43]	[43]
184	37	[45]	[45]	[45]	[45]	[45]	[45]
184	38	[46]	[46]	[46]	[46]	[46]	[46]
184	39	[44]	[44]	[44]	[44]	[44]	[44]
184	41	[50]	[50]	[50]	[50]	[50]	[50]
184	42	[51]	[51]	[51]	[51]	[51]	[51]
184	43	[56]	[56]	[56]	[56]	[56]	[56]
184	44	[57]	[57]	[57]	[57]	[57]	[57]
184	45	[52, 53, 54, 55]	[53, 54, 55]	[]	[54]	[54, 55]	[]
184	46	[52, 53, 54, 55]	[52]	[52]	[52]	[52]	[52]
185	0	[0]	[0]	[0]	[0]	[0]	[0]
185	2	[]	[2, 4]	[4]	[4]	[4]	[4]
185	3	[]	[3]	[3]	[3]	[3]	[3]
185	4	[4]	[]	[]	[]	[4]	[]
185	6	[]	[]	[]	[]	[]	[]
185	7	[6]	[6]	[6]	[6]	[6]	[6]
185	9	[10]	[]	[]	[]	[]	[]
185	10	[10]	[]	[]	[]	[]	[]
185	11	[10]	[10]	[]	[10]	[10]	[10]
185	12	[8]	[8]	[8]	[8]	[8]	[8]
185	13	[9]	[9]	[9]	[9]	[9]	[9]
185	14	[12]	[12, 24]	[12]	[12, 24]	[12]	[12]
185	15	[13]	[13]	[13]	[13]	[13]	[13]
185	16	[14]	[14, 26]	[14, 26]	[14, 26]	[14, 26]	[14, 26]
185	17	[11]	[11, 21, 22]	[11]	[11, 22]	[11]	[11]
185	19	[16]	[16]	[16]	[16]	[16]	[16]
185	20	[20]	[20]	[20]	[20]	[17, 20]	[20]
185	21	[20]	[]	[]	[]	[]	[]
185	22	[19]	[17, 18, 19]	[19]	[18, 19]	[19]	[19]
185	23	[23]	[23]	[23]	[23]	[23]	[23]
185	24	[26]	[27]	[]	[27]	[]	[]
185	25	[24]	[]	[]	[]	[]	[]
185	26	[25]	[25]	[25]	[25]	[25]	[25]
185	28	[29]	[]	[]	[]	[]	[]
185	29	[33]	[33]	[33]	[33]	[33]	[33]
185	30	[]	[29, 31]	[31]	[31]	[31]	[31]
185	31	[32]	[30, 32]	[32]	[30, 32]	[32]	[32]
185	33	[36]	[36]	[36]	[36]	[36]	[36]
185	34	[35]	[35]	[35]	[35]	[35]	[35]
185	35	[40, 41, 42, 43]	[40, 41]	[40]	[40, 43]	[40]	[40]
185	36	[38]	[37, 42, 43]	[37]	[37]	[37, 38]	[37, 38]
185	37	[]	[]	[]	[]	[]	[]
185	39	[48]	[48]	[48]	[48]	[48]	[48]
185	40	[45]	[45]	[45]	[45]	[45]	[45]
185	41	[54]	[52, 53, 54]	[54]	[54]	[54]	[54]
185	42	[55]	[55]	[55]	[55]	[55]	[55]
185	43	[56]	[56]	[56]	[56]	[56]	[56]
185	44	[49]	[38, 46, 47, 49]	[49]	[47, 49]	[49]	[49]
185	45	[51]	[39, 50, 51]	[50, 51]	[50, 51]	[50, 51]	[51]
185	47	[60]	[59, 60]	[60]	[59, 60]	[60]	[60]
185	48	[58]	[58]	[58]	[58]	[58]	[58]
185	49	[]	[]	[]	[]	[]	[]
185	50	[61]	[61]	[61]	[61]	[61]	[61]
185	51	[]	[62]	[]	[]	[62]	[]
185	52	[62]	[62, 63, 64]	[62, 64]	[62, 64]	[62, 64]	[62, 64]
186	0	[0]	[0]	[0]	[0]	[0]	[0]
186	2	[2]	[2]	[2]	[2]	[2]	[2]
186	3	[]	[]	[]	[]	[]	[]
186	4	[]	[]	[]	[]	[]	[]
186	5	[]	[4]	[4]	[4]	[4]	[4]
186	6	[5]	[3, 5]	[5]	[3, 5]	[3, 5]	[5]
186	8	[13]	[13]	[13]	[13]	[13]	[13]
186	9	[7]	[7]	[7]	[7]	[7]	[7]
186	11	[]	[]	[]	[]	[]	[]
186	12	[9]	[9]	[9]	[9]	[9]	[9]
186	14	[11]	[11]	[11]	[11]	[11]	[11]
186	15	[12]	[12]	[12]	[12]	[12]	[12]
186	17	[25]	[]	[]	[]	[15]	[]
186	18	[]	[]	[]	[]	[]	[]
186	19	[17]	[17]	[17]	[17]	[17]	[17]
186	20	[19]	[15, 19, 21]	[19]	[15, 19]	[19]	[19]
186	21	[18]	[16, 18, 28]	[16, 18]	[16, 18]	[16, 18]	[16, 18]
186	22	[20]	[20]	[20]	[20]	[20]	[20]
186	23	[21]	[]	[]	[]	[]	[]
186	24	[22]	[22]	[22]	[22]	[22]	[22]
186	25	[23]	[23]	[23]	[23]	[23]	[23]
186	26	[]	[25, 29]	[]	[29]	[]	[]
186	28	[31]	[31]	[31]	[31]	[31]	[31]
186	29	[32]	[26, 32]	[32]	[32]	[32]	[32]
186	30	[]	[]	[]	[]	[]	[]
186	31	[33]	[33]	[33]	[33]	[33]	[33]
186	33	[35]	[35]	[35]	[35]	[35]	[35]
186	34	[36]	[36]	[36]	[36]	[36]	[36]
186	35	[41]	[40, 41]	[41]	[40, 41]	[41]	[41]
186	36	[39]	[39]	[39]	[39]	[39]	[39]
186	37	[38]	[37, 38]	[38]	[37, 38]	[38]	[38]
186	38	[44]	[42, 44]	[42, 44]	[42, 44]	[42, 44]	[42, 44]
186	39	[47]	[47]	[47]	[47]	[47]	[47]
186	40	[]	[]	[]	[]	[]	[]
186	41	[46, 48]	[43, 45, 46, 48]	[46]	[45, 46, 48]	[46, 48]	[46, 48]
186	43	[50]	[50]	[50]	[50]	[50]	[50]
186	44	[54]	[52, 53, 54]	[54]	[53, 54]	[54]	[54]
186	45	[57]	[57]	[57]	[57]	[57]	[57]
186	46	[]	[]	[]	[]	[]	[]
186	47	[58]	[58]	[58]	[58]	[58]	[58]
186	48	[59]	[59]	[59]	[59]	[59]	[59]
186	49	[60]	[60]	[60]	[60]	[60]	[60]
186	50	[56]	[51, 55, 56]	[56]	[56]	[55, 56]	[55, 56]
186	51	[61]	[61]	[61]	[61]	[61]	[61]
186	52	[63, 64]	[62, 63, 64, 65]	[63]	[63, 64]	[63, 64]	[63]
186	53	[66]	[66]	[66]	[66]	[66]	[66]
186	55	[68]	[68]	[68]	[68]	[68]	[68]
186	56	[]	[71]	[]	[71]	[]	[]
186	57	[73]	[73, 74, 75]	[73]	[73]	[73]	[73]
186	58	[71, 72, 74]	[72]	[72]	[72]	[72]	[72]
186	59	[75]	[75]	[]	[]	[]	[]
186	60	[]	[]	[]	[]	[]	[]
186	61	[70]	[69, 70]	[70]	[70]	[69, 70]	[70]
186	63	[78]	[78]	[78]	[78]	[78]	[78]
186	64	[77]	[77, 79]	[77]	[77]	[77]	[77]
186	65	[83]	[83]	[83]	[83]	[83]	[83]
186	66	[86]	[82, 84, 85, 86]	[86]	[85, 86]	[86]	[86]
186	67	[80, 81]	[80, 81]	[81]	[80, 81]	[81]	[81]
186	69	[88]	[88, 89, 90]	[88]	[88, 90]	[88]	[88]
186	70	[89]	[]	[]	[]	[]	[]
186	71	[90]	[]	[]	[]	[]	[]
186	73	[97]	[96, 97]	[97]	[96, 97]	[97]	[97]
186	74	[92]	[92]	[92]	[92]	[92]	[92]
186	75	[]	[]	[]	[]	[]	[]
186	76	[95]	[95]	[95]	[95]	[95]	[95]
186	77	[94]	[93, 94]	[94]	[93, 94]	[94]	[94]
186	78	[115]	[113, 114, 115]	[115]	[115]	[115]	[115]
186	79	[116]	[116]	[116]	[116]	[116]	[116]
186	80	[99, 101]	[98, 99]	[99]	[98, 99]	[98, 99]	[99]
186	81	[100]	[100]	[100]	[100]	[100]	[100]
186	82	[]	[]	[]	[]	[]	[]
186	83	[101]	[101, 106]	[101]	[101, 106]	[101]	[101]
186	84	[103]	[103]	[103]	[103]	[103]	[103]
186	85	[110]	[110]	[110]	[110, 113]	[110]	[110]
186	86	[111]	[111]	[111]	[111]	[111]	[111]
186	87	[104]	[104]	[]	[104]	[104]	[]
186	88	[108]	[107, 108]	[108]	[107, 108]	[108]	[108]
186	89	[105]	[105]	[105]	[105]	[105]	[105]
187	0	[0]	[0]	[0]	[0]	[0]	[0]
187	1	[2, 3, 4, 5]	[4]	[4]	[4]	[4]	[4]
187	2	[2, 3, 4, 5]	[1, 5]	[1]	[1]	[1]	[1]
187	3	[]	[]	[]	[]	[]	[]
187	4	[]	[]	[]	[]	[]	[]
187	5	[]	[3]	[3]	[3]	[3]	[3]
187	6	[]	[2]	[2]	[2]	[2]	[2]
188	0	[0]	[0]	[0]	[0]	[0]	[0]
188	2	[]	[]	[]	[]	[]	[]
188	3	[5]	[5]	[5]	[5]	[5]	[5]
188	4	[4]	[2, 3, 4]	[4]	[3, 4]	[4]	[4]
188	6	[]	[]	[]	[]	[]	[]
188	7	[7]	[7]	[7]	[7]	[7]	[7]
188	9	[9]	[9]	[9]	[9]	[9]	[9]
188	10	[11]	[11, 12]	[11]	[11, 12]	[11]	[11]
188	11	[10]	[10]	[10]	[10]	[10]	[10]
189	0	[0]	[0]	[0]	[0]	[0]	[0]
189	2	[5]	[5]	[5]	[5]	[5]	[5]
189	3	[2]	[2]	[2]	[2]	[2]	[2]
189	4	[7]	[7]	[7]	[7]	[7]	[7]
189	5	[6]	[4, 6]	[6]	[4, 6]	[6]	[6]
189	6	[]	[]	[]	[]	[]	[]
189	7	[13]	[]	[]	[]	[]	[]
189	8	[9]	[9]	[9]	[9]	[9]	[9]
189	9	[12]	[12, 13]	[12]	[12]	[12]	[12]
189	10	[15, 16]	[15, 16]	[15]	[15, 16]	[15]	[15]
189	11	[18]	[14, 17, 18, 20]	[18]	[17, 18]	[18]	[18]
189	12	[11]	[10, 11, 21]	[11]	[10, 11]	[11]	[11]
189	13	[19]	[19, 26]	[19]	[19]	[19]	[19]
189	14	[28]	[27, 28]	[28]	[27, 28]	[28]	[28]
189	15	[]	[]	[]	[]	[]	[]
189	16	[25]	[23, 24, 25]	[24]	[24]	[24]	[24]
189	17	[30]	[29, 30]	[30]	[29, 30]	[30]	[30]
189	18	[31]	[31]	[31]	[31]	[31]	[31]
189	19	[32]	[32]	[32]	[32]	[32]	[32]
189	20	[33, 35]	[22, 33, 34, 35]	[33]	[33, 35]	[33]	[33]
189	21	[36, 37]	[36, 37]	[37]	[36, 37]	[37]	[37]
190	0	[0]	[0]	[0]	[0]	[0]	[0]
190	1	[3]	[3]	[3]	[3]	[3]	[3]
190	2	[5]	[2, 4, 5]	[5]	[2, 5]	[2, 4, 5]	[2, 4, 5]
190	3	[8]	[8]	[8]	[8]	[8]	[8]
190	4	[]	[]	[]	[]	[]	[]
190	5	[9]	[9]	[9]	[9]	[9]	[9]
190	6	[6]	[6]	[6]	[6]	[6]	[6]
190	7	[7]	[7, 10]	[7]	[7]	[7]	[7]
190	9	[12]	[12]	[12]	[12]	[12]	[12]
190	10	[14]	[14, 15]	[14, 15]	[14, 15]	[14, 15]	[14, 15]
190	11	[]	[13, 17, 18]	[17]	[17, 18]	[17]	[17]
190	12	[19]	[19]	[19]	[19]	[19]	[19]
190	13	[20]	[20]	[20]	[20]	[20]	[20]
190	14	[22]	[21, 22]	[22]	[22]	[22]	[22]
190	15	[15]	[]	[]	[]	[]	[]
190	16	[16]	[16]	[16]	[16]	[16]	[16]
191	0	[1]	[1, 5]	[1]	[1]	[1]	[1]
191	1	[0]	[0]	[0]	[0]	[0]	[0]
191	2	[2, 5, 6, 7]	[2, 10]	[2]	[2, 10]	[2, 10]	[2]
191	3	[]	[]	[]	[]	[]	[]
191	4	[]	[]	[]	[]	[]	[]
191	5	[3]	[3, 6, 7]	[3]	[3, 6]	[3]	[3]
191	6	[4]	[4]	[4]	[4]	[4]	[4]
191	8	[9]	[]	[]	[]	[]	[]
191	9	[13]	[13]	[13]	[13]	[13]	[13]
191	10	[14]	[14]	[14]	[14]	[14]	[14]
191	12	[11]	[9, 11]	[11]	[11]	[11]	[11]
191	14	[17]	[16, 17]	[17]	[17]	[17]	[17]
191	15	[16]	[]	[]	[]	[]	[]
191	16	[19]	[19]	[19]	[19]	[19]	[19]
191	17	[20]	[]	[]	[]	[]	[]
191	18	[24]	[23, 24]	[24]	[24]	[24]	[24]
191	19	[22]	[20, 21, 22]	[22]	[20, 22]	[22]	[22]
191	20	[29]	[29]	[29]	[29]	[29]	[29]
191	21	[26]	[25, 26]	[26]	[25, 26]	[26]	[26]
191	22	[28]	[27, 28]	[28]	[28]	[28]	[28]
191	23	[31]	[30, 31]	[31]	[30, 31]	[31]	[31]
191	24	[32, 33]	[32, 33, 42]	[32, 42]	[32, 42]	[32, 42]	[32, 42]
191	26	[37]	[37]	[37]	[37]	[37]	[37]
191	27	[]	[35, 36]	[]	[]	[]	[]
191	28	[38]	[38]	[38]	[38]	[38]	[38]
191	29	[39]	[39]	[39]	[39]	[39]	[39]
191	30	[41]	[40, 41, 42]	[41]	[40, 41]	[41]	[41]
191	32	[45]	[45, 46]	[45]	[45]	[45]	[45]
191	33	[]	[44]	[44]	[44]	[44]	[44]
191	34	[44]	[]	[]	[]	[]	[]
191	35	[54]	[53, 54]	[54]	[53, 54]	[53, 54]	[53, 54]
191	36	[55]	[55]	[55]	[55]	[55]	[55]
191	37	[57]	[47]	[]	[]	[]	[]
191	38	[56]	[56]	[56]	[56]	[56]	[56]
191	39	[60]	[58, 60]	[60]	[60]	[60]	[60]
191	40	[59]	[57, 59]	[59]	[59]	[59]	[59]
191	42	[49]	[49]	[49]	[49]	[49]	[49]
191	43	[]	[50]	[50]	[50]	[50]	[50]
191	44	[51]	[51]	[51]	[51]	[51]	[51]
191	46	[70]	[69, 70]	[70]	[70]	[70]	[70]
191	47	[62]	[62]	[]	[62]	[]	[]
191	48	[64]	[64]	[64]	[64]	[64]	[64]
191	49	[63]	[63]	[63]	[63]	[63]	[63]
191	50	[65]	[65]	[65]	[65]	[65]	[65]
191	51	[68]	[68]	[68]	[68]	[68]	[68]
191	52	[67]	[67]	[67]	[67]	[67]	[67]
191	53	[66]	[66]	[66]	[66]	[66]	[66]
192	0	[0]	[0]	[0]	[0]	[0]	[0]
192	2	[2]	[2]	[2]	[2]	[2]	[2]
192	3	[4]	[3, 4]	[4]	[3, 4]	[4]	[4]
192	5	[7]	[7]	[7]	[7]	[7]	[7]
192	6	[15]	[14, 15]	[15]	[15]	[15]	[15]
192	7	[13]	[12, 13]	[13]	[12, 13]	[13]	[13]
192	8	[8, 9]	[6, 8, 9]	[8, 9]	[6, 8, 9]	[8, 9]	[8, 9]
192	9	[11]	[11]	[11]	[11]	[11]	[11]
192	10	[10]	[10]	[10]	[10]	[10]	[10]
192	12	[17, 19]	[17]	[17]	[17]	[17, 19]	[17, 19]
192	14	[23]	[22, 23]	[23]	[22, 23]	[23]	[23]
192	15	[25]	[24, 25]	[25]	[24, 25]	[25]	[25]
192	16	[26]	[26]	[26]	[26]	[26]	[26]
192	17	[27]	[27]	[27]	[27]	[27]	[27]
192	18	[28]	[28]	[28]	[28]	[28]	[28]
192	20	[21]	[21]	[21]	[21]	[21]	[21]
192	21	[]	[]	[]	[]	[]	[]
192	22	[20]	[18, 20]	[20]	[18, 20]	[18, 20]	[20]
192	23	[30]	[30]	[30]	[30]	[30]	[30]
192	24	[37]	[19, 37]	[37]	[19, 37]	[37]	[37]
192	25	[]	[36]	[36]	[36]	[36]	[36]
192	26	[38]	[35, 38]	[35]	[35]	[35, 38]	[35, 38]
192	27	[33, 34]	[31, 32, 33, 34]	[33, 34]	[32, 33, 34]	[33, 34]	[33, 34]
192	28	[39]	[39, 40]	[39]	[39, 40]	[39]	[39]
192	29	[41]	[41]	[41]	[41]	[41]	[41]
192	30	[43]	[42, 43]	[43]	[42, 43]	[43]	[43]
193	0	[2, 4]	[1, 2]	[2]	[1, 2]	[2]	[2]
193	1	[]	[]	[]	[]	[]	[]
193	2	[0]	[0]	[0]	[0]	[0]	[0]
193	3	[]	[]	[]	[]	[]	[]
193	4	[3, 4]	[3, 4]	[3]	[3, 4]	[3]	[3]
193	5	[6]	[6]	[6]	[6]	[6]	[6]
193	6	[]	[]	[]	[]	[]	[]
193	7	[8]	[7, 8]	[8]	[7, 8]	[8]	[8]
193	8	[12]	[10, 11, 12]	[12]	[10, 11, 12]	[11, 12]	[12]
193	9	[13]	[13]	[13]	[13]	[13]	[13]
193	11	[16]	[16]	[16]	[16]	[16]	[16]
193	12	[15]	[15]	[15]	[15]	[15]	[15]
193	13	[18]	[17, 18]	[18]	[17, 18]	[18]	[18]
193	14	[21]	[21]	[21]	[21]	[21]	[21]
193	15	[22]	[22]	[22]	[22]	[22]	[22]
193	16	[20]	[19, 20]	[20]	[19, 20]	[20]	[20]
193	18	[25]	[25]	[25]	[25]	[25]	[25]
193	19	[24]	[24]	[24]	[24]	[24]	[24]
193	20	[27]	[27]	[27]	[27]	[27]	[27]
193	21	[26]	[26]	[26]	[26]	[26]	[26]
193	22	[28]	[28]	[28]	[28]	[28]	[28]
193	23	[33]	[33]	[33]	[33]	[33]	[33]
193	24	[31]	[]	[]	[]	[]	[]
193	25	[31]	[31]	[31]	[31]	[31]	[31]
193	26	[30]	[29, 30, 32]	[29, 30]	[29, 30]	[29, 30]	[29, 30]
193	27	[34]	[34]	[34]	[34]	[34]	[34]
193	28	[36]	[]	[]	[]	[]	[]
193	29	[37]	[37]	[37]	[37]	[37]	[37]
193	30	[36]	[35, 36]	[35, 36]	[35, 36]	[35, 36]	[35, 36]
193	32	[39, 40]	[39, 40]	[39]	[39, 40]	[39]	[39]
193	33	[47]	[47]	[47]	[47]	[47]	[47]
193	34	[42]	[41, 42]	[41]	[41, 42]	[41]	[41]
193	35	[46]	[45, 46]	[46]	[45, 46]	[46]	[46]
193	36	[]	[]	[]	[]	[]	[]
193	37	[43]	[43]	[43]	[43]	[43]	[43]
193	38	[44]	[44]	[44]	[44]	[44]	[44]
194	0	[1]	[1]	[]	[]	[]	[]
194	1	[0]	[0, 1]	[0]	[0, 1]	[0]	[0]
194	3	[]	[]	[]	[]	[]	[]
194	4	[3]	[3]	[3]	[3]	[3]	[3]
194	6	[17, 18]	[17, 18]	[17]	[17, 18]	[17]	[17]
194	7	[19]	[16, 19]	[19]	[19]	[19]	[19]
194	8	[8]	[7, 8]	[8]	[7, 8]	[8]	[8]
194	9	[6]	[5, 6]	[6]	[5, 6]	[6]	[6]
194	10	[13]	[12, 13, 14, 15]	[13]	[13]	[13, 15]	[13]
194	11	[10]	[9, 10]	[10]	[9, 10]	[10]	[10]
194	13	[22]	[11, 22, 27]	[22]	[22, 27]	[22]	[22]
194	14	[21]	[]	[]	[]	[]	[]
194	16	[]	[]	[]	[]	[23]	[]
194	17	[26]	[21, 24, 25, 26]	[26]	[24, 26]	[26]	[26]
194	19	[29]	[29]	[29]	[29]	[29]	[29]
194	20	[]	[37]	[37]	[37]	[37]	[37]
194	21	[32]	[30, 31, 32]	[31, 32]	[31, 32]	[31, 32]	[31, 32]
194	22	[35]	[35]	[35]	[35]	[35]	[35]
194	23	[36]	[36]	[36]	[36]	[36]	[36]
194	24	[34]	[33, 34]	[34]	[33, 34]	[34]	[34]
194	25	[37, 38]	[38, 45]	[38]	[38, 45]	[38]	[38]
194	26	[]	[41]	[41]	[41]	[41]	[41]
194	27	[]	[]	[]	[]	[]	[]
194	28	[]	[]	[]	[]	[]	[]
194	29	[40]	[40]	[40]	[40]	[40]	[40]
194	30	[39]	[39]	[39]	[39]	[39]	[39]
194	31	[42]	[42]	[42]	[42]	[42]	[]
194	32	[44]	[]	[]	[43]	[]	[]
194	33	[43]	[43]	[43]	[43]	[43]	[43]
194	34	[47, 48]	[44, 46, 47, 48]	[47]	[47, 48]	[47]	[47]
194	35	[54]	[49, 54]	[54]	[54]	[54]	[54]
194	36	[53]	[52, 53]	[53]	[52, 53]	[53]	[53]
194	37	[51]	[50, 51]	[51]	[51]	[51]	[51]
195	0	[1]	[1]	[]	[]	[1]	[1]
195	1	[0]	[0, 1]	[0]	[0]	[0]	[0]
195	2	[1]	[]	[]	[]	[]	[]
195	3	[]	[11]	[11]	[11]	[11]	[11]
195	4	[]	[8]	[8]	[8]	[8]	[8]
195	5	[9]	[9]	[9]	[9]	[9]	[9]
195	6	[]	[]	[]	[]	[]	[]
195	7	[8]	[]	[]	[]	[]	[]
195	8	[3]	[3]	[3]	[3]	[3]	[3]
195	9	[4]	[4, 5]	[4]	[4]	[4]	[4]
195	10	[7]	[6, 7]	[7]	[7]	[7]	[7]
195	12	[18]	[13, 18]	[13, 18]	[13, 18]	[13, 18]	[13, 18]
195	13	[15]	[15, 39]	[15]	[15, 39]	[15]	[15]
195	14	[16]	[14, 16, 17, 26]	[16]	[16, 17]	[16]	[16]
195	15	[]	[30]	[]	[]	[]	[]
195	16	[17, 19]	[19, 27, 28, 29]	[28]	[27, 28]	[28]	[28]
195	17	[20]	[20]	[20]	[20]	[20]	[20]
195	18	[21]	[21, 22, 31, 32]	[21]	[21]	[21]	[21]
195	19	[28]	[24, 25]	[25]	[25]	[25]	[25]
195	20	[31, 32]	[]	[]	[]	[32]	[]
195	22	[34]	[34]	[34]	[34]	[34]	[34]
195	23	[]	[44]	[]	[44]	[43]	[]
195	24	[39]	[43]	[43]	[43]	[43]	[43]
195	25	[]	[44]	[44]	[44]	[44]	[]
195	26	[49]	[36, 37, 49]	[49]	[36, 37, 49]	[36, 37, 38]	[37]
195	27	[]	[51, 52]	[51]	[51, 52]	[51]	[51]
195	28	[53]	[40, 46, 50]	[50]	[40, 50]	[40, 41, 50]	[40, 50]
195	29	[]	[44]	[]	[]	[]	[]
195	30	[]	[47, 48, 53, 54]	[48]	[47, 48]	[48]	[48]
195	32	[60]	[57, 58, 60, 61, 63]	[58, 60]	[57, 58, 60]	[58, 60]	[58, 60]
195	33	[56]	[56]	[56]	[56]	[56]	[56]
195	35	[]	[38]	[]	[]	[]	[]
195	36	[]	[]	[]	[]	[]	[]
195	37	[59]	[41]	[]	[]	[]	[]
195	39	[62, 63]	[62]	[62]	[62]	[62]	[62]
195	40	[64]	[59, 64]	[64]	[64]	[64]	[64]
195	41	[65]	[65]	[]	[65]	[65, 66]	[65, 66]
195	42	[66]	[66]	[66]	[66]	[66]	[]
195	43	[69]	[45, 69]	[69]	[69]	[69]	[69]
195	44	[70]	[]	[]	[]	[]	[]
195	45	[71]	[68, 71]	[68]	[68]	[68]	[68]
195	46	[67]	[67]	[67]	[67]	[67]	[67]
195	47	[]	[70]	[70]	[70]	[70]	[70]
195	48	[68]	[]	[]	[]	[68]	[]
196	0	[2]	[2]	[2]	[2]	[2]	[2]
196	1	[]	[]	[]	[]	[]	[]
196	2	[5]	[0, 5]	[5]	[5]	[5]	[5]
196	3	[4]	[4]	[4]	[4]	[4]	[4]
196	4	[7]	[3, 6, 7]	[6]	[6, 7]	[6, 7]	[6]
196	5	[8]	[8]	[8]	[8]	[8]	[8]
196	6	[10]	[10]	[10]	[10]	[10]	[10]
196	7	[14]	[12, 13, 15, 16]	[]	[]	[13]	[13]
196	8	[17]	[17]	[17]	[17]	[17]	[17]
196	9	[18, 20]	[14, 18, 19, 20]	[19, 20]	[18, 19, 20]	[18, 20]	[18, 20]
196	10	[21]	[21]	[21]	[21]	[21]	[21]
196	11	[22]	[22, 23]	[22, 23]	[22, 23]	[22, 23]	[22, 23]
196	13	[26]	[11, 26]	[26]	[26, 38]	[26]	[26]
196	14	[25]	[25]	[25]	[25]	[25]	[25]
196	15	[29]	[28, 29]	[29]	[28, 29]	[29]	[29]
196	16	[27]	[27]	[27]	[27]	[27]	[27]
196	17	[33]	[33, 35]	[33]	[33]	[33]	[33]
196	18	[34, 35]	[34]	[34]	[34]	[34]	[34]
196	19	[32]	[30, 31, 32]	[30, 32]	[30, 31, 32]	[32]	[32]
196	21	[39]	[39]	[39]	[39]	[39]	[39]
196	22	[37]	[37]	[37]	[37]	[37]	[37]
196	24	[42]	[42]	[42]	[42]	[42]	[42]
196	25	[]	[]	[]	[]	[]	[]
196	26	[47]	[43, 47]	[47]	[43, 47]	[47]	[47]
196	27	[44]	[44]	[44]	[44]	[44]	[44]
196	28	[45]	[45]	[45]	[45]	[45]	[45]
196	29	[46]	[46]	[46]	[46]	[46]	[46]
196	30	[49]	[48, 49]	[48, 49]	[48, 49]	[48, 49]	[48, 49]
196	32	[]	[]	[]	[]	[]	[]
196	33	[41]	[38, 40, 41]	[41]	[40, 41]	[40, 41]	[40, 41]
196	35	[55]	[51, 52, 53, 54, 55]	[55]	[52, 54, 55]	[55]	[55]
196	36	[]	[]	[]	[]	[]	[]
196	37	[]	[59]	[59]	[59]	[59]	[]
196	38	[63]	[62, 63]	[63]	[63]	[63]	[63]
196	39	[]	[]	[]	[]	[]	[]
196	40	[56]	[56]	[56]	[56]	[56]	[56]
196	41	[57]	[57]	[57]	[57]	[57]	[57]
196	42	[58]	[58]	[58]	[58]	[58]	[58]
196	43	[61]	[60, 61]	[61]	[60, 61]	[61]	[61]
197	0	[0]	[0]	[0]	[0]	[0]	[0]
197	2	[]	[2, 3]	[]	[2]	[]	[]
197	3	[3]	[3]	[3]	[3]	[3]	[3]
197	4	[4]	[4]	[4]	[4]	[4]	[4]
197	6	[]	[]	[]	[]	[]	[]
197	7	[7]	[7]	[7]	[7]	[7]	[7]
197	8	[6]	[6]	[6]	[6]	[6]	[6]
197	9	[11, 12]	[10, 11, 12]	[11]	[11, 12]	[11, 12]	[11]
197	10	[9]	[8, 9]	[9]	[8, 9]	[9]	[9]
197	11	[14]	[14]	[14]	[14]	[14]	[14]
197	12	[]	[17]	[]	[]	[]	[]
197	13	[]	[]	[]	[]	[]	[]
197	14	[20, 21]	[18, 20, 21]	[20]	[20]	[20]	[20]
197	15	[19]	[15, 16, 19]	[19]	[16, 19]	[19]	[19]
197	17	[24]	[]	[]	[]	[]	[]
197	18	[23]	[23]	[23]	[23]	[23]	[23]
197	19	[24]	[24]	[24]	[24]	[24]	[24]
197	21	[]	[28]	[]	[]	[]	[]
197	22	[27]	[26, 27]	[27]	[26, 27]	[27]	[27]
197	23	[31, 32]	[31, 32]	[31]	[31]	[31, 32]	[31]
197	24	[33, 34, 35]	[29, 33, 34, 35]	[33]	[32, 33, 35]	[33]	[33]
198	0	[3]	[3, 4, 5]	[3]	[3]	[3]	[3]
198	1	[0]	[0]	[0]	[0]	[0]	[0]
198	2	[2]	[2]	[2]	[2]	[2]	[2]
198	3	[1]	[1, 7]	[1]	[1]	[1]	[1]
198	4	[6]	[6]	[6]	[6]	[6]	[6]
198	5	[11]	[11]	[11]	[11]	[11]	[11]
198	6	[10]	[8, 9, 10]	[8, 10]	[8, 9, 10]	[8, 10]	[8, 10]
198	7	[12]	[12]	[12]	[12]	[12]	[12]
198	8	[13]	[13]	[13]	[13]	[13]	[13]
198	10	[15]	[15]	[15]	[15]	[15]	[15]
198	11	[16]	[16]	[16]	[16]	[16]	[16]
198	12	[18]	[17, 18]	[18]	[18]	[18]	[18]
198	13	[20]	[19, 20]	[20]	[20]	[20]	[20]
198	14	[19]	[]	[]	[]	[19]	[19]
198	15	[21]	[21]	[21]	[21]	[21]	[21]
198	16	[]	[]	[]	[]	[]	[]
198	17	[22]	[22]	[22]	[22]	[22]	[22]
198	18	[24]	[23, 24]	[24]	[23, 24]	[24]	[24]
198	19	[25]	[25]	[]	[]	[]	[]
198	20	[]	[]	[]	[]	[]	[]
198	21	[]	[]	[]	[]	[]	[]
198	22	[27]	[27]	[27]	[27]	[27]	[27]
198	23	[]	[]	[]	[]	[]	[]
198	24	[26]	[26]	[26]	[26]	[26]	[26]
198	25	[28]	[28]	[28]	[28]	[28]	[28]
198	26	[29]	[29]	[29]	[29]	[29]	[29]
198	27	[30]	[30]	[30]	[30]	[30]	[30]
198	28	[31]	[31]	[31]	[31]	[31]	[31]
198	29	[]	[]	[]	[]	[]	[]
198	30	[36]	[35, 36]	[36]	[36]	[36]	[36]
198	31	[33]	[32, 33]	[33]	[32, 33]	[33]	[33]
198	32	[37]	[37]	[37]	[37]	[37]	[37]
198	33	[34]	[34]	[34]	[34]	[34]	[34]
199	0	[14]	[14, 15]	[14]	[14]	[14]	[14]
199	1	[0]	[0]	[0]	[0]	[0]	[0]
199	2	[15]	[15]	[15]	[15]	[15]	[15]
199	3	[]	[6]	[6]	[6]	[6]	[6]
199	4	[]	[]	[]	[]	[]	[]
199	5	[]	[]	[]	[]	[]	[]
199	6	[]	[11]	[]	[]	[]	[]
199	7	[]	[9, 17]	[9]	[9]	[9]	[]
199	8	[3]	[3]	[3]	[3]	[3]	[3]
199	9	[2]	[1, 2]	[1, 2]	[1, 2]	[1, 2]	[1, 2]
199	10	[5]	[5]	[5]	[5]	[5]	[5]
199	11	[13]	[13, 18]	[13]	[13]	[13]	[13]
199	13	[]	[]	[]	[]	[]	[]
199	14	[11]	[10, 16]	[]	[]	[]	[]
199	15	[7]	[7, 27, 30]	[27]	[7, 27]	[27]	[27]
199	16	[9]	[]	[]	[]	[]	[]
199	17	[9]	[]	[]	[]	[]	[]
199	18	[9]	[8, 19]	[19]	[8, 19]	[9, 19]	[19]
199	20	[21]	[21]	[21]	[21]	[21]	[21]
199	21	[26]	[26]	[26]	[26]	[26]	[26]
199	22	[]	[]	[]	[26]	[]	[]
199	23	[28]	[28]	[28]	[28]	[28]	[28]
199	24	[23]	[22, 23]	[23]	[23]	[23]	[23]
199	25	[25]	[24, 25]	[25]	[25]	[25]	[25]
199	27	[32]	[32]	[32]	[32]	[32]	[32]
199	28	[37]	[37]	[37]	[37]	[37]	[37]
199	29	[38]	[38, 39]	[38, 39]	[38, 39]	[38, 39]	[38, 39]
199	30	[34]	[33, 34]	[]	[]	[34]	[]
199	31	[35]	[35]	[35]	[35]	[35]	[35]
199	32	[36]	[34, 36]	[36]	[34, 36]	[36]	[36]
199	33	[40]	[29, 40]	[40]	[40]	[40]	[40]
199	34	[]	[]	[]	[]	[]	[]
199	35	[41]	[41]	[41]	[41]	[41]	[41]
200	0	[]	[0]	[0]	[0]	[0]	[0]
200	1	[1]	[1]	[1]	[1]	[1]	[1]
200	2	[1]	[]	[]	[]	[]	[]
200	3	[6]	[6, 7]	[6]	[6, 7]	[6]	[6]
200	4	[3]	[2, 3]	[3]	[2, 3]	[2, 3]	[2, 3]
200	5	[4, 5]	[4, 5]	[4]	[4]	[4]	[4]
200	6	[8]	[8]	[8]	[8]	[8]	[8]
200	7	[]	[9]	[9]	[9]	[9]	[]
200	8	[10, 11]	[10, 11]	[10]	[10, 11]	[10]	[10]
200	10	[14]	[]	[]	[]	[]	[]
200	11	[14]	[13, 14]	[13]	[13, 14]	[13, 14]	[13]
200	12	[15]	[15]	[15]	[15]	[15]	[15]
200	13	[18]	[18]	[18]	[18]	[18]	[18]
200	14	[]	[]	[]	[]	[]	[]
200	15	[22]	[21, 22]	[22]	[21, 22]	[22]	[22]
200	16	[19, 20]	[16, 19, 20]	[19]	[19, 20]	[19, 20]	[19, 20]
200	18	[24, 25]	[24, 25, 35]	[24]	[24, 25]	[24]	[24]
200	19	[26]	[17, 26, 34]	[26]	[17, 26]	[26]	[26]
200	20	[36]	[36]	[36]	[36]	[36]	[36]
200	21	[]	[38]	[38]	[38]	[38]	[38]
200	22	[39, 40]	[39, 40]	[39, 40]	[39, 40]	[39, 40]	[39, 40]
200	23	[39, 40]	[]	[]	[]	[]	[]
200	24	[27]	[27]	[27]	[27]	[27]	[27]
200	25	[30]	[30]	[30]	[30]	[30]	[30]
200	26	[31]	[29, 31]	[31]	[29, 31]	[31]	[31]
200	27	[28]	[28, 37]	[28]	[28]	[28]	[28]
200	28	[42]	[42]	[42]	[42]	[42]	[42]
200	29	[43]	[43, 46, 47]	[43]	[43]	[43]	[43]
200	30	[33]	[33, 50]	[33]	[33, 50]	[33]	[33]
200	31	[32]	[32, 44, 45]	[32, 45]	[32, 45]	[32, 45]	[45]
200	33	[52]	[47, 52]	[52]	[52]	[52]	[52]
200	34	[53]	[53]	[53]	[53]	[53]	[53]
200	35	[54]	[54]	[54]	[54]	[54]	[54]
200	36	[49]	[49, 51]	[49]	[49]	[49]	[49]
200	37	[55]	[55]	[55]	[55]	[55]	[55]
200	38	[58]	[57, 58]	[58]	[57, 58]	[58]	[58]
200	39	[56]	[56]	[56]	[56]	[56]	[56]
201	0	[1]	[1]	[1]	[1]	[1]	[1]
201	1	[0]	[0]	[0]	[0]	[0]	[0]
201	2	[]	[2]	[2]	[2]	[2]	[2]
201	3	[8]	[7, 8]	[7, 8]	[7, 8]	[7, 8]	[7, 8]
201	4	[4]	[3, 4]	[3, 4]	[3, 4]	[3, 4]	[3, 4]
201	5	[6]	[5, 6]	[5, 6]	[5, 6]	[5, 6]	[5, 6]
201	7	[]	[10]	[10]	[10]	[10]	[10]
201	8	[13]	[13]	[13]	[13]	[13]	[13]
201	9	[]	[]	[]	[]	[]	[]
201	10	[]	[14]	[14]	[14]	[14]	[14]
201	11	[]	[]	[]	[]	[14]	[14]
201	12	[]	[]	[]	[]	[]	[]
201	13	[11, 12]	[11, 12, 20]	[11, 12]	[11, 12]	[11, 12]	[11, 12]
201	15	[14]	[]	[]	[]	[]	[]
201	16	[15]	[26]	[]	[]	[]	[]
201	17	[16]	[15, 16]	[16]	[15, 16]	[16]	[16]
201	18	[17]	[17]	[17]	[17]	[17]	[17]
201	19	[]	[]	[]	[]	[]	[]
201	20	[18]	[18]	[18]	[18]	[18]	[18]
201	22	[21]	[21]	[21]	[21]	[21]	[21]
201	23	[24]	[22, 23, 24]	[24]	[23, 24]	[24]	[24]
201	24	[30]	[28, 29, 30]	[30]	[29, 30]	[30]	[30]
201	25	[27]	[27]	[27]	[27]	[26, 27]	[27]
201	26	[]	[]	[]	[]	[]	[]
201	27	[]	[]	[]	[]	[]	[]
201	29	[31]	[25, 31]	[25, 31]	[25, 31]	[25]	[25]
201	30	[38]	[32, 38]	[38]	[37, 38]	[38]	[38]
201	31	[]	[]	[]	[]	[]	[]
201	32	[33]	[33]	[33]	[33]	[33]	[33]
201	33	[]	[]	[]	[]	[38]	[]
201	34	[39]	[37, 39]	[39]	[39]	[39]	[39]
201	35	[35, 36]	[34, 35, 36]	[35]	[34, 35, 36]	[35]	[35]
201	36	[35, 36]	[]	[]	[]	[]	[]
201	37	[35, 36]	[]	[]	[]	[]	[]
201	39	[43]	[42, 43]	[43]	[42, 43]	[43]	[43]
201	40	[40]	[]	[]	[]	[]	[]
201	41	[41]	[41]	[41]	[41]	[41]	[41]
202	0	[0]	[0]	[0]	[0]	[0]	[0]
202	1	[4]	[4]	[4]	[4]	[4]	[4]
202	2	[]	[]	[]	[]	[]	[]
202	3	[5]	[5]	[5]	[5]	[5]	[5]
202	4	[7, 8, 9]	[6, 7]	[]	[7]	[6, 7]	[6, 7]
202	5	[7, 8, 9]	[7, 8, 9]	[9]	[8, 9]	[8, 9]	[9]
202	6	[1, 3]	[3]	[3]	[3]	[3]	[3]
202	7	[1, 3]	[1, 2]	[6]	[2, 6]	[2, 6]	[6]
202	9	[14]	[14]	[14]	[14]	[14]	[14]
202	10	[11]	[11]	[11]	[11]	[11]	[11]
202	11	[17]	[16, 17]	[17]	[16, 17]	[17]	[17]
202	12	[]	[]	[]	[]	[]	[]
202	13	[16]	[12, 13, 15]	[15]	[13, 15]	[15]	[15]
202	14	[18]	[18]	[18]	[18]	[18]	[18]
202	15	[22]	[22]	[22]	[22]	[22, 32]	[22]
202	16	[25]	[23, 24, 25]	[25]	[23, 25]	[23, 25]	[25]
202	17	[27]	[26, 27]	[27]	[26, 27]	[27]	[27]
202	18	[21]	[19, 20, 21]	[21]	[19, 20, 21]	[21]	[21]
202	20	[30]	[29, 30]	[30]	[29, 30]	[30]	[30]
202	21	[28]	[31]	[]	[31]	[]	[]
202	22	[33]	[32, 33]	[33]	[32, 33]	[33]	[33]
202	23	[34]	[34]	[34]	[34]	[34]	[34]
202	24	[35]	[35]	[35]	[35]	[35]	[35]
202	25	[]	[]	[]	[]	[]	[]
202	26	[31]	[]	[]	[]	[31]	[31]
202	28	[39]	[39]	[39]	[39]	[39]	[39]
202	29	[37]	[37]	[37]	[37]	[37]	[37]
202	30	[38]	[38, 50]	[38]	[38, 50]	[38]	[38]
202	31	[41]	[40, 41, 51]	[41]	[41]	[41]	[41]
202	33	[]	[]	[]	[]	[]	[]
202	34	[43]	[43]	[43]	[43]	[43]	[43]
202	36	[45, 46]	[45, 46]	[46]	[45, 46]	[46]	[46]
202	37	[47]	[47, 58]	[47]	[47]	[47]	[47]
202	38	[48]	[48, 61]	[48]	[48]	[48]	[48]
202	39	[52]	[52, 70]	[52]	[52, 70]	[52]	[52]
202	40	[]	[]	[]	[]	[]	[]
202	41	[59]	[53, 59]	[59]	[59]	[59]	[59]
202	42	[57]	[54, 57]	[57]	[57]	[57]	[57]
202	43	[56]	[55, 56]	[56]	[55, 56]	[56]	[56]
202	45	[]	[]	[]	[]	[]	[]
202	46	[]	[62, 63]	[62]	[62]	[62]	[62]
202	47	[]	[]	[]	[]	[]	[]
202	49	[65]	[65]	[65]	[65]	[65]	[65]
202	50	[66]	[66]	[66]	[66]	[66]	[66]
202	51	[67]	[67]	[67]	[67]	[67]	[67]
202	53	[69]	[69]	[69]	[69]	[69]	[69]
202	54	[72]	[71, 72]	[71, 72]	[71, 72]	[71, 72]	[71, 72]
202	55	[73, 75]	[73, 75]	[73]	[73, 75]	[73]	[73]
202	56	[76]	[76]	[76]	[76]	[76]	[76]
202	57	[78]	[77, 78]	[78]	[78]	[78]	[78]
202	58	[80]	[74, 79, 80]	[80]	[74, 80]	[80]	[80]
203	0	[5]	[1, 2, 4, 5]	[5]	[4, 5]	[5]	[5]
203	1	[0]	[0, 3]	[0]	[0]	[0]	[0]
203	2	[]	[]	[]	[]	[2]	[]
203	4	[]	[]	[]	[]	[]	[]
203	5	[8]	[7, 8]	[7, 8]	[7, 8]	[7, 8]	[7, 8]
203	7	[17]	[]	[]	[]	[]	[]
203	8	[]	[17]	[17]	[17]	[17]	[17]
203	9	[10]	[10]	[10]	[10]	[10]	[10]
203	10	[11]	[11]	[11]	[11]	[11]	[11]
203	11	[13]	[12, 13]	[13]	[12, 13]	[12, 13]	[13]
203	12	[]	[]	[]	[]	[]	[]
203	13	[16]	[14, 15, 16]	[16]	[16]	[16]	[16]
203	15	[19, 20]	[19, 20]	[20]	[19, 20]	[20]	[20]
203	16	[24]	[24]	[24]	[24]	[24]	[24]
203	17	[21]	[21]	[21]	[21]	[21]	[21]
203	18	[23]	[22, 23]	[23]	[22, 23]	[23]	[23]
203	20	[26]	[26]	[26]	[26]	[26]	[26]
203	21	[28]	[27, 28]	[28]	[27, 28]	[28]	[28]
203	22	[29]	[29]	[29]	[29]	[29]	[29]
203	23	[]	[]	[]	[]	[]	[]
203	24	[]	[]	[]	[]	[]	[]
203	25	[32]	[31, 32]	[32]	[31, 32]	[32]	[32]
203	26	[]	[30, 38]	[30]	[30, 38]	[30]	[30]
203	27	[34]	[34]	[34]	[34]	[34]	[34]
203	28	[33]	[33]	[33]	[33]	[33]	[33]
203	29	[]	[]	[]	[]	[]	[]
203	30	[37]	[]	[]	[]	[]	[]
203	31	[37]	[37]	[37]	[37]	[37]	[37]
203	32	[38]	[35, 36]	[35, 36]	[35, 36]	[35, 36]	[35, 36]
203	34	[40]	[40]	[40]	[40]	[40]	[40]
203	35	[39]	[]	[]	[]	[]	[]
203	36	[41]	[41]	[41]	[41]	[41]	[41]
204	0	[11]	[11]	[11]	[11]	[11]	[11]
204	1	[1, 2, 3]	[0, 3]	[0]	[0]	[0]	[0]
204	2	[1, 2, 3]	[1, 2]	[1]	[1, 2]	[1]	[1]
204	4	[]	[]	[]	[]	[]	[]
204	5	[5]	[5]	[5]	[5]	[5]	[5]
204	7	[9]	[9]	[9]	[9]	[9]	[9]
204	8	[10]	[7, 10]	[10]	[7, 10]	[10]	[10]
204	9	[13]	[13]	[13]	[13]	[13]	[13]
204	10	[8]	[8]	[8]	[8]	[8]	[8]
204	11	[]	[12]	[12]	[12]	[12]	[]
204	13	[]	[]	[]	[]	[]	[]
205	0	[1]	[1]	[1]	[1]	[1]	[1]
205	1	[0]	[0]	[0]	[0]	[0]	[0]
205	3	[4]	[]	[]	[]	[]	[]
205	4	[]	[]	[]	[]	[]	[]
205	5	[3]	[3, 4]	[3]	[3, 4]	[3]	[3]
205	7	[8]	[8]	[]	[]	[8]	[8]
205	8	[6]	[6, 9]	[6]	[6, 8]	[6]	[6]
205	9	[10]	[10, 12]	[12]	[10, 12]	[12]	[12]
205	10	[11]	[11]	[]	[11]	[]	[]
205	11	[13]	[13]	[13]	[13]	[13]	[13]
205	12	[14]	[14]	[14]	[14]	[14]	[14]
205	14	[16]	[16]	[16]	[16]	[16]	[16]
205	15	[21]	[7, 21]	[21]	[21]	[21]	[21]
205	16	[]	[20]	[20]	[20]	[20]	[20]
205	17	[23]	[23]	[23]	[23]	[23]	[23]
205	18	[22, 25]	[22, 25]	[22]	[22]	[22]	[22]
205	19	[]	[]	[]	[]	[]	[]
205	20	[18]	[17, 18]	[18]	[18]	[18]	[18]
205	21	[19]	[19, 24]	[24]	[19, 24]	[24]	[24]
205	23	[28]	[28]	[28]	[28]	[28]	[28]
205	24	[27]	[27]	[27]	[27]	[27]	[27]
205	25	[]	[]	[]	[]	[]	[]
205	26	[32]	[32]	[32]	[32]	[32]	[32]
205	27	[36]	[35, 36]	[36]	[36]	[36]	[36]
205	28	[33]	[30, 33]	[33]	[30, 33]	[33]	[33]
205	29	[31]	[31, 34]	[31]	[31, 34]	[31]	[31]
205	30	[38]	[37, 38]	[38]	[37, 38]	[38]	[38]
205	31	[39]	[39]	[39]	[39]	[39]	[39]
205	32	[42]	[42]	[42]	[42]	[42]	[42]
205	33	[45]	[40, 45]	[45]	[45]	[45]	[45]
205	34	[41]	[41]	[41]	[41]	[41]	[41]
205	35	[46]	[46]	[46]	[46]	[46]	[46]
205	36	[47]	[47]	[47]	[47]	[47]	[47]
205	37	[]	[]	[]	[]	[]	[]
205	38	[49]	[48, 49, 62]	[49]	[48, 49]	[49]	[49]
205	39	[44]	[43, 44]	[44]	[44]	[44]	[44]
205	40	[51]	[51]	[51]	[51]	[51]	[51]
205	41	[52]	[52]	[52]	[52]	[52]	[52]
205	42	[]	[]	[]	[]	[]	[]
205	44	[55]	[55, 59]	[55]	[55, 59]	[55]	[55]
205	45	[53]	[]	[]	[]	[]	[]
205	46	[54]	[54]	[54]	[54]	[54]	[54]
205	48	[57, 58]	[58]	[58]	[58]	[58]	[58]
205	49	[62]	[60, 61]	[61]	[61]	[61]	[61]
205	50	[64]	[57, 64]	[57, 64]	[57, 64]	[57, 64]	[57]
205	51	[67]	[]	[]	[]	[]	[]
205	52	[]	[]	[]	[]	[]	[]
205	54	[]	[66, 67]	[67]	[66, 67]	[67]	[67]
205	55	[]	[]	[]	[]	[64]	[64]
205	56	[]	[65]	[65]	[65]	[65]	[65]
205	58	[69]	[69]	[69]	[69]	[69]	[69]
205	59	[72]	[70, 71, 72]	[70]	[70, 71]	[70, 72]	[70, 72]
205	61	[76]	[76]	[76]	[76]	[76]	[76]
205	62	[75]	[75]	[75]	[75]	[75]	[75]
205	63	[77]	[3, 77]	[77]	[77]	[77]	[77]
205	64	[77]	[74]	[74]	[74]	[74]	[74]
206	0	[0]	[0]	[0]	[0]	[0]	[0]
206	2	[3]	[2, 3]	[3]	[2, 3]	[3]	[3]
207	0	[0]	[0]	[0]	[0]	[0]	[0]
207	2	[2]	[2, 3, 4]	[2]	[2]	[2]	[2]
207	3	[7]	[7]	[7]	[7]	[7]	[7]
207	4	[]	[]	[]	[]	[]	[]
207	5	[8]	[8, 9]	[8]	[8]	[8]	[8]
207	6	[6]	[5, 6]	[6]	[6]	[6]	[6]
207	8	[12]	[12]	[12]	[12]	[12]	[12]
207	9	[10]	[]	[]	[]	[]	[]
207	10	[13]	[13, 14]	[13]	[13, 14]	[13]	[13]
207	11	[11]	[11]	[11]	[11]	[11]	[11]
208	0	[0]	[0]	[0]	[0]	[0]	[0]
208	2	[2]	[2]	[2]	[2]	[2]	[2]
209	0	[0]	[0]	[0]	[0]	[0]	[0]
209	2	[4]	[4, 5]	[4]	[4, 5]	[4]	[4]
209	3	[2]	[2]	[2]	[2]	[2]	[2]
209	4	[]	[6]	[]	[]	[]	[]
209	5	[7]	[3, 7]	[7]	[3, 7]	[7]	[7]
209	6	[9]	[9]	[9]	[9]	[9]	[9]
209	7	[10]	[8, 10]	[10]	[10]	[10]	[10]
209	9	[13]	[13, 14]	[13]	[13]	[13]	[13]
209	10	[11]	[11]	[11]	[11]	[11]	[11]
209	11	[15]	[12, 15]	[15]	[12, 15]	[15]	[15]
209	12	[17]	[16, 17]	[17]	[16, 17]	[17]	[17]
209	13	[18]	[18]	[18]	[18]	[18]	[18]
210	0	[0]	[0]	[0]	[0]	[0]	[0]
210	2	[2, 3]	[3]	[3]	[3]	[2, 3]	[3]
210	3	[2, 3]	[]	[]	[]	[]	[]
210	4	[2, 3]	[2]	[]	[2]	[]	[]
211	0	[0]	[0]	[0]	[0]	[0]	[0]
211	2	[2]	[2]	[2]	[2]	[2]	[2]
211	3	[3]	[3]	[3]	[3]	[3]	[3]
211	5	[5]	[5]	[5]	[5]	[5]	[5]
211	6	[]	[6]	[]	[6]	[]	[]
211	7	[]	[]	[]	[]	[]	[]
211	8	[11]	[10, 11]	[11]	[10, 11]	[11]	[11]
211	9	[9]	[7, 8, 9]	[9]	[8, 9]	[9]	[9]
211	11	[18]	[16, 18]	[18]	[16, 18]	[18]	[18]
211	12	[15]	[13, 14, 15, 17]	[15]	[14, 15]	[15]	[15]
211	13	[19]	[19]	[19]	[19]	[19]	[19]
211	14	[21]	[21, 22]	[21]	[21, 22]	[21]	[21]
211	15	[20, 22, 23]	[20, 23]	[20]	[20, 23]	[20]	[20]
211	16	[]	[25]	[]	[]	[]	[]
211	17	[30]	[30]	[30]	[30]	[30]	[30]
211	18	[31]	[31, 32]	[31]	[31, 32]	[31]	[31]
211	19	[33]	[29, 33]	[33]	[33]	[33]	[33]
211	20	[34]	[34]	[34]	[34]	[34]	[34]
211	21	[35]	[35]	[35]	[35]	[35]	[35]
211	22	[36]	[36]	[36]	[36]	[36]	[36]
211	23	[37]	[37]	[37]	[37]	[37]	[37]
211	24	[27, 28]	[]	[]	[]	[]	[]
211	25	[27, 28]	[28]	[]	[]	[]	[]
211	26	[27, 28]	[26, 27]	[27]	[25, 27]	[27]	[27]
211	28	[38]	[38]	[38]	[38]	[38]	[38]
211	29	[42]	[41, 42, 43]	[42]	[42, 43]	[42]	[42]
211	30	[44]	[44]	[44]	[44]	[44]	[44]
211	31	[40]	[39, 40]	[]	[]	[40]	[40]
211	32	[45]	[45]	[45]	[45]	[45]	[45]
211	33	[]	[]	[]	[]	[]	[]
211	34	[]	[46]	[46]	[46]	[46]	[46]
211	35	[48]	[47, 48]	[48]	[47, 48]	[48]	[48]
211	36	[49]	[49]	[49]	[49]	[49]	[49]
211	37	[51]	[50, 51]	[51]	[50, 51]	[51]	[51]
211	38	[46]	[]	[]	[]	[]	[]
212	0	[0]	[0]	[0]	[0]	[0]	[0]
212	2	[5]	[2, 4, 5, 6]	[5]	[5, 6]	[5]	[5]
212	3	[7]	[3, 7]	[7]	[7]	[7]	[7]
213	0	[0]	[0]	[0]	[0]	[0]	[0]
213	2	[2]	[2]	[2]	[2]	[2]	[2]
213	3	[6]	[3, 5, 6]	[6]	[5, 6]	[6]	[6]
213	4	[4]	[4]	[4]	[4]	[4]	[4]
213	5	[7]	[7]	[7]	[7]	[7]	[7]
213	6	[8]	[8]	[8]	[8]	[8]	[8]
213	7	[9]	[9]	[9]	[9]	[9]	[9]
213	8	[10]	[10]	[10]	[10]	[10]	[10]
213	9	[11]	[11]	[11]	[11]	[11]	[11]
213	10	[12]	[12]	[12]	[12]	[12]	[12]
213	11	[]	[]	[]	[]	[]	[]
213	12	[14]	[13]	[13]	[13]	[13]	[]
213	13	[15]	[15]	[15]	[15]	[15]	[15]
213	14	[16]	[14, 16]	[14]	[14, 16]	[14]	[14]
213	15	[]	[17]	[17]	[17]	[17]	[17]
213	16	[18]	[18]	[18]	[18]	[18]	[18]
213	17	[]	[]	[]	[]	[]	[]
213	18	[20]	[19, 20]	[20]	[19, 20]	[20]	[20]
213	19	[21]	[21]	[21]	[21]	[21]	[21]
214	0	[0]	[0]	[0]	[0]	[0]	[0]
214	2	[2]	[2]	[2]	[2]	[2]	[2]
214	3	[2]	[]	[]	[]	[]	[]
215	0	[0]	[0]	[0]	[0]	[0]	[0]
215	2	[]	[]	[]	[]	[]	[]
215	3	[]	[2]	[2]	[2]	[2]	[2]
215	4	[3]	[3]	[3]	[3]	[3]	[3]
215	5	[5]	[4, 5]	[4, 5]	[4, 5]	[4, 5]	[4, 5]
215	6	[6]	[6]	[6]	[6]	[6]	[6]
215	7	[7]	[7, 19]	[7]	[7]	[7]	[7]
215	8	[8]	[8]	[8]	[8]	[8]	[8]
215	9	[9]	[9]	[9]	[9]	[9]	[9]
215	10	[]	[12]	[]	[12]	[]	[]
215	11	[10]	[10]	[10]	[10]	[10]	[10]
215	12	[11]	[]	[]	[]	[]	[]
215	14	[12]	[]	[]	[]	[]	[]
215	15	[]	[]	[]	[]	[]	[]
215	16	[13]	[13, 18]	[]	[13]	[]	[]
215	17	[14]	[14, 15, 16, 17]	[14]	[14, 15]	[14]	[14]
215	18	[25]	[25, 33]	[25, 33]	[25, 33]	[25, 33]	[25, 33]
215	20	[]	[23]	[]	[21]	[21, 23]	[21]
215	21	[19]	[21, 22]	[22]	[22]	[22]	[22]
215	22	[20]	[]	[]	[10]	[10]	[]
215	23	[22, 23, 24]	[11, 24]	[11]	[11]	[11]	[11]
215	25	[27]	[26, 27]	[27]	[26, 27]	[26, 27]	[27]
215	26	[28]	[28]	[28]	[28]	[28]	[28]
215	27	[29]	[29]	[29]	[29]	[29]	[29]
215	28	[30]	[30]	[30]	[30]	[30]	[30]
215	29	[31]	[31]	[31]	[31]	[31]	[31]
215	30	[32]	[32]	[32]	[32]	[32]	[32]
216	0	[0]	[0]	[0]	[0]	[0]	[0]
216	2	[4]	[3]	[3]	[3]	[3]	[3]
216	3	[2]	[2, 4]	[2]	[2]	[2]	[2]
217	0	[0]	[0]	[0]	[0]	[0]	[0]
217	2	[2, 3]	[2, 3]	[2]	[2, 3]	[2, 3]	[2]
217	4	[7]	[6, 7]	[7]	[7]	[7]	[7]
217	5	[]	[5]	[]	[]	[]	[]
217	6	[8]	[8]	[8]	[8]	[8]	[8]
217	7	[9]	[9, 10]	[9]	[9, 10]	[9, 10]	[9]
217	8	[11]	[11]	[11]	[11]	[11]	[11]
217	9	[12]	[12]	[12]	[12]	[12]	[12]
217	10	[13]	[]	[]	[]	[]	[]
217	11	[]	[13]	[13]	[13]	[13]	[13]
217	12	[14]	[14]	[14]	[14]	[14]	[14]
217	13	[15]	[15]	[15]	[15]	[15]	[15]
217	14	[16]	[16]	[16]	[16]	[16]	[16]
217	15	[17]	[17]	[17]	[17]	[17]	[17]
217	17	[20]	[20]	[20]	[20]	[20]	[20]
217	18	[19]	[19]	[19]	[19]	[19]	[19]
217	19	[]	[]	[]	[]	[]	[]
217	20	[23]	[22, 23]	[23]	[22, 23]	[23]	[23]
217	21	[24]	[24]	[24]	[24]	[24]	[24]
217	22	[21]	[21]	[21]	[21]	[21]	[21]
217	23	[]	[]	[]	[]	[]	[]
217	24	[27]	[27, 28]	[27]	[27, 28]	[27]	[27]
217	25	[26, 28, 29]	[25, 26, 29]	[26]	[25, 26]	[25, 26]	[26]
217	27	[]	[]	[]	[]	[]	[]
217	28	[33]	[33]	[33]	[33]	[33]	[33]
217	29	[36]	[35, 36]	[36]	[35, 36]	[36]	[36]
217	30	[34]	[31, 32, 34]	[34]	[31, 34]	[34]	[34]
218	0	[0]	[0]	[0]	[0]	[0]	[0]
218	2	[2, 3]	[]	[]	[]	[2, 3]	[3]
218	3	[2, 3]	[2, 3]	[3]	[2, 3]	[3]	[]
218	4	[2, 3]	[4, 5]	[5]	[4, 5]	[5]	[5]
219	0	[0]	[0]	[0]	[0]	[0]	[0]
219	2	[3]	[3]	[3]	[3]	[3]	[3]
219	3	[2]	[2]	[2]	[2]	[2]	[2]
219	4	[4]	[4]	[4]	[4]	[4]	[4]
219	5	[]	[]	[]	[]	[]	[]
219	6	[6]	[6]	[6]	[6]	[6]	[6]
219	7	[5]	[5, 21]	[5]	[5]	[5]	[5]
219	9	[]	[]	[]	[]	[]	[]
219	10	[10]	[9, 10]	[9]	[9, 10]	[9]	[9]
219	11	[22]	[20, 22]	[]	[]	[]	[]
219	13	[11]	[11]	[11]	[11]	[11]	[11]
219	14	[12]	[8, 12]	[12]	[12]	[12]	[12]
219	15	[14]	[13, 14]	[13]	[13, 14]	[13]	[13]
219	16	[16]	[15, 16]	[16]	[16]	[16]	[16]
219	17	[17]	[17]	[]	[]	[]	[]
219	18	[19]	[18, 19]	[19]	[19]	[19]	[19]
220	0	[0]	[0]	[0]	[0]	[0]	[0]
220	2	[2]	[2]	[2]	[2]	[2]	[2]
220	3	[]	[]	[]	[]	[]	[]
220	4	[3]	[3]	[3]	[3]	[3]	[3]
220	5	[4]	[4]	[]	[4]	[4]	[4]
220	6	[5]	[5]	[5]	[5]	[5]	[5]
220	8	[8]	[8, 9, 10]	[8]	[8, 10]	[8]	[8]
220	9	[7]	[7]	[7]	[7]	[7]	[7]
220	10	[12]	[11, 12]	[12]	[12]	[12]	[12]
221	0	[0]	[0]	[0]	[0]	[0]	[0]
221	2	[2]	[2]	[2]	[2]	[2]	[2]
221	3	[2]	[]	[]	[]	[]	[]
221	5	[4]	[4]	[4]	[4]	[4]	[4]
221	6	[]	[5]	[5]	[5]	[5]	[5]
221	7	[6, 7]	[6, 7]	[6]	[6, 7]	[6]	[6]
221	9	[]	[]	[]	[]	[]	[]
221	10	[]	[]	[]	[]	[]	[]
221	12	[]	[]	[]	[]	[]	[]
221	14	[10]	[10]	[10]	[10]	[10]	[10]
221	15	[9]	[9]	[9]	[9]	[9]	[9]
221	16	[13]	[13]	[13]	[13]	[13]	[13]
221	17	[11]	[11, 12]	[11]	[11]	[11]	[11]
221	19	[]	[]	[]	[]	[]	[]
221	20	[]	[]	[]	[]	[]	[]
221	21	[]	[]	[]	[]	[]	[]
221	22	[16]	[15, 16]	[15]	[15, 17]	[15, 16, 17]	[15, 17]
221	23	[]	[17]	[]	[]	[]	[]
221	24	[18]	[18]	[18]	[18]	[18]	[18]
221	25	[19]	[19]	[19]	[19]	[19]	[19]
221	26	[20]	[20, 22]	[22]	[22]	[22]	[22]
221	27	[21]	[21]	[21]	[21]	[21]	[]
221	28	[22]	[22]	[22]	[22]	[22]	[22]
221	29	[23]	[23]	[23]	[23]	[23]	[23]
221	30	[24]	[24, 26]	[24, 26]	[24, 26]	[24]	[24]
221	31	[25]	[25]	[25]	[25]	[25]	[25]
221	32	[26]	[]	[]	[]	[26]	[]
221	33	[27]	[27]	[27]	[27]	[27]	[27]
221	34	[28]	[28]	[28]	[28]	[28]	[28]
221	36	[]	[59]	[]	[59]	[]	[]
221	37	[30]	[30]	[30]	[30]	[30]	[30]
221	38	[33]	[33]	[33]	[33]	[33]	[33]
221	39	[34]	[]	[]	[]	[]	[]
221	40	[34]	[34]	[34]	[34]	[34]	[34]
221	41	[31]	[31]	[31]	[31]	[31]	[31]
221	42	[34]	[32]	[32]	[32]	[32]	[32]
221	44	[]	[]	[]	[]	[]	[]
221	45	[42]	[42]	[42]	[42]	[42]	[42]
221	46	[45]	[44, 45]	[45]	[44, 45]	[45]	[45]
221	47	[46]	[46]	[46]	[46]	[46]	[46]
221	48	[43]	[43]	[43]	[43]	[43]	[43]
221	49	[36]	[36]	[36]	[36]	[36]	[36]
221	50	[37]	[37, 63]	[63]	[37, 63]	[63]	[63]
221	51	[39]	[38, 39, 65]	[39]	[39]	[38, 39]	[39]
221	52	[40]	[40]	[]	[40]	[67]	[67]
221	53	[41]	[41, 68]	[68]	[41, 68]	[68]	[68]
221	54	[]	[]	[]	[]	[]	[]
221	55	[47]	[47]	[47]	[47]	[47]	[47]
221	56	[48]	[48]	[48]	[48]	[48]	[48]
221	57	[50]	[49, 50]	[50]	[49, 50]	[49, 50]	[50]
221	58	[51]	[51]	[51]	[51]	[51]	[51]
221	60	[53]	[53]	[53]	[53]	[53]	[53]
221	61	[56]	[56]	[56]	[56]	[56]	[56]
221	62	[55]	[54, 55]	[55]	[54, 55]	[55]	[55]
221	63	[58]	[57, 58, 60]	[]	[58]	[58]	[]
221	65	[62]	[62, 91]	[62]	[62]	[62]	[62]
221	66	[64]	[64]	[64]	[64]	[64]	[64]
221	67	[]	[]	[]	[]	[]	[]
221	68	[66]	[66]	[66]	[66]	[66]	[66]
221	69	[67]	[67]	[67]	[67]	[67]	[]
221	70	[68]	[]	[]	[]	[]	[]
221	71	[69]	[69]	[69]	[69]	[69]	[69]
221	72	[70]	[70]	[70]	[70]	[70]	[70]
221	73	[71]	[71]	[71]	[71]	[71]	[71]
221	74	[72]	[72]	[72]	[72]	[72]	[72]
221	75	[73]	[73]	[73]	[73]	[73]	[73]
221	77	[81]	[75]	[75]	[75]	[75]	[75]
221	78	[76]	[76]	[76]	[76]	[76]	[76]
221	79	[79]	[79]	[79]	[79]	[79]	[79]
221	80	[80]	[77, 78, 80, 81]	[80]	[77, 78, 80, 81]	[80]	[80]
221	82	[85]	[83, 84, 85]	[85]	[85]	[85]	[85]
221	83	[88]	[88]	[]	[]	[88]	[]
221	84	[86]	[86]	[86]	[86]	[86]	[86]
221	85	[87]	[87]	[87]	[87]	[87]	[87]
221	87	[89]	[89, 90]	[89]	[88, 89]	[89]	[89]
221	88	[97]	[97]	[97]	[97]	[97]	[]
221	89	[]	[92, 93]	[]	[]	[]	[]
221	90	[98]	[96, 98]	[98]	[96, 98]	[98]	[98]
221	91	[95]	[95]	[95]	[95]	[95]	[95]
221	92	[95]	[94, 95]	[94]	[94, 95]	[94]	[94]
221	93	[103]	[]	[]	[]	[]	[]
221	94	[99]	[99]	[99]	[99]	[99]	[99]
221	95	[104]	[102, 103, 104]	[104]	[103, 104]	[104]	[104]
221	96	[101]	[100, 101]	[101]	[101]	[101]	[101]
221	98	[106]	[106]	[106]	[106]	[106]	[106]
221	99	[109]	[109]	[109]	[109]	[109]	[109]
221	100	[107]	[107, 108]	[107]	[107]	[107]	[107]
221	101	[111]	[110, 111]	[111]	[110, 111]	[111]	[111]
222	0	[0]	[0]	[0]	[0]	[0]	[0]
222	2	[3]	[3, 5, 6]	[]	[3]	[3]	[3]
222	3	[2]	[2, 4]	[2]	[2]	[2]	[2]
222	5	[]	[]	[]	[]	[]	[]
222	6	[8]	[8]	[8]	[8]	[8]	[8]
223	0	[0]	[0]	[0]	[0]	[0]	[0]
223	2	[2]	[]	[]	[2]	[]	[]
223	3	[3]	[2, 3]	[2, 3]	[2, 3]	[2, 3]	[2]
223	5	[5]	[5]	[5]	[5]	[5]	[5]
223	6	[16]	[9, 16]	[16]	[9, 16]	[16]	[16]
223	7	[20]	[8]	[8]	[8]	[8]	[8]
223	8	[]	[12]	[12]	[12]	[12]	[12]
223	9	[21]	[11, 21]	[21]	[11, 13, 21]	[11, 21]	[11, 21]
223	10	[]	[]	[]	[]	[]	[]
223	11	[19]	[19, 29]	[19]	[19]	[19]	[19]
223	12	[19]	[17]	[]	[]	[17, 18]	[]
223	14	[24]	[20, 24, 33]	[24]	[24, 33]	[24]	[24]
223	15	[]	[]	[]	[]	[]	[]
223	16	[25]	[13, 25]	[25]	[25]	[25]	[25]
223	17	[22]	[22]	[22]	[22]	[22]	[22]
223	18	[23]	[15, 23]	[23]	[23]	[23]	[23]
223	19	[15]	[7, 14]	[14]	[14]	[14]	[14]
223	20	[7]	[6, 7]	[7]	[7]	[6, 7]	[7]
223	21	[13]	[]	[]	[]	[]	[]
223	22	[9]	[]	[]	[]	[]	[]
223	23	[12]	[]	[]	[]	[]	[]
223	24	[13]	[18, 19]	[]	[]	[]	[]
223	25	[10]	[10]	[10]	[10]	[10]	[10]
223	27	[]	[]	[]	[]	[]	[]
223	28	[29, 30]	[28, 30]	[28]	[28, 30]	[28]	[28]
223	29	[32]	[31, 32]	[32]	[31, 32]	[32]	[32]
223	30	[27]	[27]	[]	[27]	[27]	[]
223	31	[36]	[35, 36]	[36]	[36]	[36]	[36]
223	32	[34]	[34]	[34]	[34]	[34]	[34]
223	34	[40]	[40, 44]	[44]	[40, 44]	[44]	[44]
223	35	[38]	[38]	[38]	[38]	[38]	[38]
223	36	[]	[]	[]	[]	[]	[]
223	37	[39]	[39, 45]	[39]	[39, 45]	[39]	[39]
223	38	[42]	[41, 42]	[42]	[41, 42]	[42]	[42]
223	40	[]	[]	[]	[]	[]	[]
223	41	[46]	[46]	[46]	[46]	[46]	[46]
224	0	[0]	[0]	[0]	[0]	[0]	[0]
224	2	[2]	[2]	[2]	[2]	[2]	[2]
225	0	[0]	[0]	[0]	[0]	[0]	[0]
225	2	[]	[]	[]	[]	[]	[]
225	3	[2]	[2]	[2]	[2]	[2]	[2]
225	4	[5, 6]	[4, 6, 8]	[4]	[4, 6]	[4]	[4]
225	5	[]	[]	[]	[]	[]	[]
225	6	[3]	[3, 5, 10]	[3]	[3, 10]	[3]	[3]
225	7	[]	[7]	[7]	[7]	[7]	[7]
225	8	[11]	[11]	[11]	[11]	[11]	[11]
225	9	[12]	[12]	[12]	[12]	[12]	[12]
225	10	[13]	[13]	[13]	[13]	[13]	[13]
225	11	[9]	[9]	[9]	[8, 9]	[9]	[9]
226	0	[0]	[0]	[0]	[0]	[0]	[0]
226	2	[2, 3]	[2, 3]	[2, 3]	[2, 3]	[2, 3]	[2, 3]
227	0	[0]	[0]	[0]	[0]	[0]	[0]
227	2	[2]	[2, 3, 4]	[2]	[2]	[2]	[2]
227	3	[]	[7]	[7]	[7]	[7]	[7]
227	4	[8]	[8]	[8]	[8]	[8]	[8]
227	5	[]	[]	[]	[]	[]	[]
227	6	[]	[]	[]	[]	[]	[]
227	7	[5, 6]	[5, 6]	[6]	[5, 6]	[6]	[6]
227	8	[10]	[9, 10]	[10]	[9, 10]	[10]	[10]
227	10	[11]	[11]	[11]	[11]	[11]	[11]
227	11	[15]	[15]	[15]	[15]	[15]	[15]
227	12	[16]	[14, 16]	[16]	[16]	[16]	[16]
227	13	[]	[]	[]	[]	[]	[]
227	14	[12, 13]	[12, 13]	[12]	[12, 13]	[12, 13]	[13]
227	16	[20]	[18, 20]	[20]	[18, 20]	[20]	[20]
227	17	[17]	[17]	[17]	[17]	[17]	[17]
227	18	[21]	[18, 21]	[21]	[18, 21]	[21]	[21]
227	19	[18]	[19]	[]	[19]	[]	[]
227	21	[23]	[23]	[23]	[23]	[23]	[23]
227	22	[45, 46]	[45, 46]	[45]	[45, 46]	[45, 46]	[45, 46]
227	23	[26]	[24, 25, 26, 27]	[26]	[25, 26]	[25, 26]	[25, 26]
227	24	[44]	[]	[]	[]	[]	[]
227	25	[48]	[47, 48]	[48]	[29, 48]	[48]	[48]
227	26	[49]	[29]	[49]	[49]	[49]	[49]
227	27	[]	[28]	[]	[]	[27, 28]	[28]
227	29	[32]	[32]	[32]	[32]	[32]	[32]
227	30	[32]	[]	[]	[]	[]	[]
227	31	[34]	[33, 34, 37]	[34]	[33, 34]	[34]	[34]
227	32	[]	[]	[]	[]	[]	[]
227	33	[30]	[30]	[30]	[30]	[30]	[30]
227	35	[38]	[38, 39]	[39]	[39]	[39]	[39]
227	36	[36]	[36]	[36]	[36]	[36]	[36]
227	37	[]	[]	[]	[]	[]	[]
227	38	[]	[]	[]	[]	[]	[]
227	39	[42]	[40, 42]	[40]	[40]	[40]	[40]
227	40	[41]	[41]	[41]	[41]	[41]	[41]
227	41	[]	[]	[]	[]	[]	[]
227	42	[40]	[49]	[42]	[42]	[42]	[42]
227	43	[37]	[44]	[]	[44]	[]	[]
228	0	[0]	[0]	[0]	[0]	[0]	[0]
228	2	[4]	[2, 3, 4]	[3]	[2, 3]	[3]	[3]
229	0	[0]	[0]	[0]	[0]	[0]	[0]
229	2	[2]	[2]	[2]	[2]	[2]	[2]
229	3	[4]	[3, 4]	[3]	[3, 4]	[3, 4]	[3]
230	0	[0]	[0]	[0]	[0]	[0]	[0]
230	2	[2, 3]	[2]	[2]	[2]	[2]	[2]
230	3	[]	[3]	[]	[3]	[]	[]
231	0	[0]	[0]	[0]	[0]	[0]	[0]
231	2	[10]	[10]	[10]	[10]	[10]	[10]
231	3	[2]	[2]	[2]	[2]	[2]	[2]
231	5	[]	[]	[]	[]	[]	[]
231	6	[5]	[4, 5, 6]	[5]	[4, 5]	[5]	[5]
231	8	[12, 13]	[12, 13]	[13]	[12, 13]	[13]	[13]
231	9	[8]	[8]	[8]	[8]	[8]	[8]
231	10	[]	[]	[]	[]	[]	[]
231	11	[11]	[9, 11]	[9, 11]	[9, 11]	[9, 11]	[9, 11]
231	12	[14]	[14]	[14]	[14]	[14]	[14]
231	13	[18]	[17, 18]	[18]	[17, 18]	[18]	[18]
231	14	[15]	[15]	[15]	[15]	[15]	[15]
231	15	[16]	[16]	[16]	[16]	[16]	[16]
231	16	[20]	[19, 20]	[20]	[19, 20]	[20]	[20]
231	18	[22]	[22]	[22]	[22]	[22]	[22]
231	19	[23]	[23, 25]	[23]	[23, 25]	[23]	[23]
231	20	[24]	[24]	[24]	[24]	[24]	[24]
231	21	[26]	[26]	[26]	[26]	[25, 26]	[25, 26]
231	22	[27]	[27]	[27]	[27]	[27]	[27]
231	23	[]	[]	[]	[]	[]	[]
231	24	[28]	[28]	[28]	[28]	[28]	[28]
231	25	[29]	[29]	[29]	[29]	[29]	[29]
231	26	[30]	[30]	[30]	[30]	[30]	[30]
231	28	[32]	[32]	[32]	[32]	[32]	[32]
231	29	[33]	[33, 34, 39]	[33]	[33, 34]	[33]	[33]
231	30	[36]	[36]	[36]	[36]	[36]	[36]
231	31	[38]	[38]	[38]	[38]	[38]	[38]
231	32	[]	[]	[]	[]	[]	[]
231	33	[37]	[37, 40]	[37]	[37]	[37]	[37]
232	0	[1]	[0, 1]	[0]	[0, 1]	[0, 1]	[1]
232	1	[7, 8, 9, 10]	[7, 8, 9, 10]	[9]	[9, 10]	[9]	[9]
232	2	[0]	[]	[]	[]	[]	[]
232	3	[]	[]	[]	[]	[]	[]
232	4	[6]	[]	[]	[]	[]	[]
232	5	[6]	[6]	[6]	[6]	[6]	[6]
232	6	[3]	[2, 3, 4, 5]	[3]	[2, 3]	[3]	[3]
232	8	[14, 15, 16]	[12, 13, 14, 15, 16]	[16]	[14, 16]	[13, 14, 16]	[14, 16]
232	9	[21]	[21]	[21]	[21]	[21]	[21]
232	10	[24]	[24]	[24]	[24]	[24]	[24]
232	11	[25]	[23, 25]	[25]	[25]	[25]	[25]
232	12	[22]	[22]	[22]	[22]	[22]	[22]
232	13	[18]	[18]	[18]	[18]	[18]	[18]
232	14	[17]	[17]	[17]	[17]	[17]	[17]
232	15	[20]	[19, 20]	[19, 20]	[19, 20]	[19, 20]	[19, 20]
232	16	[26]	[26]	[26]	[26]	[26]	[26]
232	17	[27]	[27, 30]	[27]	[27, 30]	[27]	[27]
232	18	[28]	[28]	[28]	[28]	[28]	[28]
232	19	[29]	[29]	[29]	[29]	[29]	[29]
232	20	[31]	[31]	[31]	[31]	[31]	[31]
232	21	[32]	[32]	[32]	[32]	[32]	[32]
232	22	[34]	[33, 34]	[34]	[33, 34]	[34]	[34]
232	23	[35]	[35]	[35]	[35]	[35]	[35]
232	24	[36]	[36]	[36]	[36]	[36]	[36]
232	25	[37]	[37]	[37]	[37]	[37]	[37]
233	0	[1]	[0, 1, 49]	[1]	[0, 1]	[1]	[1]
233	1	[2]	[2]	[2]	[2]	[2]	[2]
233	2	[5]	[4, 5, 48]	[5]	[4, 5]	[5]	[5]
233	3	[3]	[3, 9]	[3]	[3]	[3]	[3]
233	4	[6, 7]	[6, 7, 8]	[6, 7]	[6, 7]	[6, 7]	[6, 7]
233	5	[8]	[8]	[8]	[8]	[8]	[8]
233	6	[11]	[10, 11]	[10, 11]	[10, 11]	[10, 11]	[10, 11]
233	7	[12]	[12, 18]	[12]	[12, 18]	[12]	[12]
233	8	[13]	[13]	[13]	[13]	[13]	[13]
233	9	[]	[19, 23]	[23]	[19, 23]	[23]	[23]
233	10	[20]	[20]	[20]	[20]	[20]	[20]
233	11	[15]	[14, 15]	[15]	[15]	[15]	[15]
233	12	[17]	[16, 17, 21, 22]	[17]	[16, 17]	[16, 17]	[17]
233	13	[23]	[]	[]	[]	[]	[]
233	14	[24]	[24]	[24]	[24]	[24]	[24]
233	15	[]	[]	[]	[]	[]	[]
233	16	[26]	[25, 26]	[26]	[26]	[26]	[26]
233	18	[31, 32]	[31, 32]	[31, 32]	[31, 32]	[31, 32]	[31, 32]
233	19	[28]	[28]	[28]	[28]	[28]	[28]
233	20	[29]	[29, 51]	[29]	[29, 51]	[29]	[29]
233	21	[33]	[33]	[33]	[33]	[33]	[33]
233	23	[35, 36]	[35, 36]	[35]	[35, 36]	[35]	[35]
233	24	[34]	[34, 51]	[34]	[34]	[34]	[34]
233	25	[37]	[37]	[37]	[37]	[37]	[37]
233	26	[43]	[11, 41, 42, 43, 67]	[42, 43]	[42, 43]	[42, 43]	[42, 43]
233	27	[39, 40]	[38, 39, 40]	[38, 40]	[38, 39, 40]	[38, 39, 40]	[40]
233	28	[44]	[44]	[44]	[44]	[44]	[44]
233	29	[46]	[45, 46]	[46]	[45, 46]	[46]	[46]
233	31	[51]	[]	[]	[]	[]	[]
233	32	[53, 54]	[53, 54, 56]	[54]	[53, 54]	[54]	[54]
233	33	[62, 63]	[61, 62, 63]	[61, 63]	[61, 63]	[61, 63]	[61, 63]
233	34	[60]	[57, 58, 59, 60]	[60]	[60]	[60]	[60]
233	35	[58]	[55]	[]	[]	[]	[]
233	36	[65]	[65]	[65]	[65]	[65]	[65]
233	37	[57]	[69, 72]	[]	[]	[72]	[]
233	38	[71]	[71]	[71]	[71]	[71]	[71]
233	39	[74]	[68, 74, 88]	[74]	[74]	[74]	[74]
233	40	[68, 69, 70]	[70, 73]	[70]	[70, 73]	[70]	[70]
233	41	[67]	[64, 66, 67]	[66]	[66, 67]	[66, 67]	[66]
233	43	[78]	[]	[]	[]	[]	[]
233	44	[76]	[76]	[76]	[76]	[76]	[76]
233	45	[77]	[77]	[77]	[77, 85]	[77]	[77]
233	46	[84, 85, 87, 88]	[84, 85, 87, 89]	[87]	[87]	[87]	[87]
233	47	[90]	[86, 90]	[90]	[89, 90]	[90]	[90]
233	48	[82]	[82]	[82]	[82]	[82]	[82]
233	49	[80]	[78, 79, 80, 81]	[79, 80]	[78, 79, 80]	[78, 79, 80]	[79, 80]
233	51	[94, 95, 96]	[94, 95, 96]	[96]	[95, 96]	[96]	[96]
233	52	[97]	[93, 97]	[97]	[97]	[97]	[97]
233	53	[102]	[102]	[102]	[102]	[102]	[102]
233	54	[]	[]	[]	[103]	[]	[]
233	55	[103]	[103]	[103]	[103]	[103]	[103]
233	56	[104]	[104]	[104]	[104]	[104]	[104]
233	57	[105]	[92, 94, 105]	[105]	[105]	[105]	[105]
233	58	[99]	[98, 99, 100, 101]	[101]	[98, 101]	[98, 99, 101]	[98, 101]
234	0	[]	[2]	[]	[]	[]	[]
234	1	[0]	[0]	[0]	[0, 2]	[0]	[0]
234	2	[9]	[8, 9]	[9]	[8, 9]	[9]	[9]
234	3	[6]	[4, 5, 6, 11]	[5]	[5]	[5]	[]
234	4	[12]	[12]	[12]	[12]	[12]	[12]
234	5	[13]	[13]	[13]	[13]	[13]	[13]
234	6	[14]	[14, 24]	[14]	[14]	[14]	[14]
234	7	[15]	[15]	[15]	[15]	[15]	[15]
234	8	[17]	[16, 17, 23]	[16]	[16, 17]	[16]	[16]
234	9	[]	[20]	[]	[20]	[20]	[]
234	10	[19]	[18, 19, 32]	[19]	[18, 19]	[19]	[19]
234	11	[20]	[22]	[22]	[22]	[22]	[22]
234	12	[21]	[21, 25]	[21]	[21, 25]	[21]	[21]
234	13	[27]	[26, 27]	[27]	[27]	[27]	[27]
234	15	[29]	[29]	[29]	[29]	[29]	[29]
234	16	[28]	[]	[]	[28]	[28]	[28]
234	17	[30]	[30]	[30]	[30]	[30]	[30]
234	18	[35]	[35]	[]	[]	[35]	[]
234	19	[36]	[31, 33, 34, 36]	[36]	[35, 36]	[36]	[36]
234	21	[]	[]	[]	[]	[]	[]
234	22	[38]	[38, 40]	[38]	[38]	[38]	[38]
234	23	[45]	[38]	[]	[]	[38]	[38]
234	24	[]	[]	[]	[]	[]	[]
234	25	[53]	[41, 53]	[]	[53]	[]	[]
234	26	[52]	[52]	[52]	[52]	[52]	[52]
234	27	[44]	[44]	[44]	[44]	[44]	[44]
234	28	[]	[41]	[]	[]	[]	[]
234	29	[45]	[37, 45]	[45]	[45]	[45]	[45]
234	30	[47]	[46, 47, 48]	[47]	[47]	[47]	[47]
234	31	[]	[49]	[]	[]	[49]	[49]
234	32	[]	[]	[]	[]	[]	[]
234	33	[42]	[42, 50, 51]	[]	[]	[42]	[]
235	0	[]	[]	[]	[]	[]	[]
235	1	[0]	[0]	[0]	[0]	[0]	[0]
235	2	[2]	[1, 2, 3]	[3]	[1, 3]	[3]	[3]
235	3	[4]	[4]	[4]	[4]	[4]	[4]
235	4	[7]	[6, 7, 52]	[6, 7]	[6, 7]	[6, 7]	[6, 7]
235	5	[8]	[8, 59]	[8]	[8, 59]	[8]	[8]
235	6	[12]	[12]	[12]	[12]	[12]	[12]
235	7	[]	[]	[]	[]	[]	[]
235	8	[10]	[10, 19]	[10]	[10]	[10]	[10]
235	9	[]	[]	[]	[]	[]	[]
235	10	[]	[9, 11]	[11]	[11]	[11]	[11]
235	11	[9]	[9, 18]	[]	[]	[]	[]
235	12	[14]	[14]	[14]	[14]	[14]	[14]
235	13	[15]	[13, 15]	[15]	[13, 15]	[15]	[15]
235	14	[]	[]	[]	[]	[]	[]
235	15	[]	[17, 20]	[20]	[17, 20]	[20]	[20]
235	16	[18]	[18, 21]	[21]	[21]	[21]	[21]
235	17	[23]	[23, 41]	[23]	[23]	[23]	[23]
235	18	[24]	[22, 24]	[24]	[24]	[24]	[24]
235	20	[26]	[26]	[26]	[26]	[26]	[26]
235	21	[28]	[27, 28]	[28]	[28]	[28]	[28]
235	22	[]	[]	[]	[26]	[]	[]
235	23	[29]	[38]	[]	[]	[]	[]
235	24	[31]	[29, 30, 31]	[31]	[30, 31]	[31]	[31]
235	25	[32]	[32]	[32]	[32]	[32]	[32]
235	26	[44]	[43, 44]	[]	[]	[44]	[]
235	27	[]	[]	[]	[]	[]	[]
235	28	[47, 48, 49]	[45, 46, 47]	[]	[]	[]	[]
235	29	[42]	[40, 42]	[42]	[40, 42]	[42]	[42]
235	30	[34]	[34]	[34]	[34]	[34]	[34]
235	31	[]	[33, 37]	[33]	[33]	[33]	[33]
235	32	[39]	[39, 48, 49]	[39]	[39, 49]	[39, 49]	[39, 49]
235	33	[]	[]	[]	[]	[]	[]
235	34	[36]	[35, 36]	[36]	[35, 36]	[36]	[36]
235	36	[60]	[60]	[60]	[60]	[60]	[60]
235	37	[51]	[51]	[51]	[51]	[51]	[51]
235	38	[61]	[61]	[61]	[61]	[61]	[61]
235	39	[]	[]	[]	[]	[]	[]
235	40	[62]	[62]	[62]	[62]	[62]	[62]
235	41	[57]	[55, 56, 57]	[57]	[53, 56, 57]	[57]	[57]
235	42	[53]	[53]	[]	[]	[]	[]
235	43	[67]	[66, 67]	[66]	[66, 67]	[66]	[66]
235	44	[]	[]	[]	[]	[]	[]
235	45	[63]	[63]	[63]	[63]	[63]	[63]
235	46	[64]	[64]	[64]	[64]	[64]	[64]
235	47	[65]	[65]	[65]	[65]	[65]	[65]
235	48	[68]	[68]	[68]	[68]	[68]	[68]
235	49	[]	[]	[]	[]	[]	[]
235	50	[69]	[69]	[69]	[69]	[69]	[69]
235	51	[71]	[71]	[71]	[71]	[71]	[71]
235	52	[72]	[70, 72]	[72]	[72]	[72]	[72]
236	0	[3]	[3]	[3]	[3]	[3]	[3]
236	1	[]	[]	[]	[]	[]	[]
236	2	[0]	[0]	[0]	[0]	[0]	[0]
236	3	[1]	[1]	[1]	[1]	[1]	[1]
236	4	[2]	[2]	[2]	[2]	[2]	[2]
236	5	[4]	[4]	[4]	[4]	[4]	[4]
236	6	[]	[]	[]	[]	[]	[]
236	7	[8]	[8]	[8]	[8]	[8]	[8]
236	8	[7]	[7, 10]	[7, 10]	[7, 10]	[7, 10]	[10]
236	9	[5]	[5]	[5]	[5]	[5]	[5]
236	10	[6]	[6]	[6]	[6]	[6]	[6]
236	12	[10]	[10]	[10]	[10]	[10]	[10]
236	13	[9]	[9]	[9]	[9]	[9]	[9]
236	14	[13]	[13]	[13]	[13]	[13]	[13]
236	15	[14]	[11, 14]	[14]	[11, 14]	[14]	[14]
236	16	[12]	[12, 15]	[15]	[12, 15]	[15]	[15]
236	17	[]	[]	[]	[]	[]	[]
236	18	[18]	[18]	[18]	[18]	[18]	[18]
236	19	[17]	[16, 17]	[17]	[17]	[17]	[17]
236	21	[20]	[20, 21, 22]	[20]	[20, 21]	[20]	[20]
236	22	[19]	[]	[]	[19]	[19]	[19]
236	23	[23, 25]	[23, 24, 25]	[25]	[23, 25]	[23, 25]	[25]
236	24	[]	[]	[]	[]	[]	[]
236	25	[28]	[28]	[28]	[28]	[28]	[28]
236	26	[27]	[26, 27]	[27]	[26, 27]	[27]	[27]
236	28	[]	[]	[]	[]	[]	[]
236	29	[45]	[]	[]	[]	[]	[]
236	30	[46]	[46]	[]	[]	[]	[]
236	31	[35]	[35]	[35]	[35]	[35]	[35]
236	32	[47]	[]	[]	[]	[]	[]
236	33	[48]	[47, 48]	[48]	[48]	[48]	[48]
236	34	[49]	[49]	[49]	[49]	[49]	[49]
236	35	[50]	[50]	[50]	[50]	[50]	[50]
236	36	[31]	[30, 31]	[31]	[30, 31]	[31]	[31]
236	37	[32]	[32, 45]	[45]	[32, 45]	[32, 45]	[32, 45]
236	38	[33]	[33, 46]	[33]	[33, 46]	[33]	[33]
236	39	[38]	[37, 38]	[38]	[37, 38]	[38]	[38]
236	40	[40]	[]	[]	[]	[40]	[40]
236	41	[41]	[40, 41]	[40]	[40, 41]	[40, 41]	[41]
236	42	[]	[]	[]	[]	[]	[]
236	43	[]	[42]	[42]	[42]	[42]	[42]
236	44	[43]	[43]	[43]	[43]	[43]	[43]
237	0	[0]	[0, 2]	[2]	[0, 2]	[2]	[2]
237	1	[1, 2]	[1]	[1]	[1]	[1]	[1]
237	2	[]	[6]	[6]	[6]	[6]	[6]
237	3	[6]	[8]	[]	[8]	[]	[]
237	4	[10]	[10]	[10]	[10]	[10]	[10]
237	5	[7]	[4, 5, 7]	[4, 7]	[4, 5, 7]	[4, 7]	[4, 7]
237	6	[11]	[11]	[11]	[11]	[11]	[11]
237	7	[12]	[12]	[12]	[12]	[12]	[12]
237	8	[13]	[9, 13]	[13]	[9, 13]	[13]	[13]
237	9	[14]	[14]	[14]	[14]	[14]	[14]
237	10	[16]	[16]	[16]	[16]	[16]	[16]
237	11	[17]	[17]	[17]	[17]	[17]	[]
237	12	[18]	[18]	[]	[]	[]	[]
237	13	[19]	[19, 20, 21]	[18]	[18, 19]	[18, 19]	[18]
237	14	[22]	[22]	[22]	[22]	[22]	[22]
237	15	[23]	[]	[]	[]	[]	[]
237	16	[24]	[]	[]	[]	[]	[]
237	17	[24]	[23, 24, 25, 27]	[24]	[23, 24]	[24]	[24]
237	18	[30]	[30, 32]	[30]	[30]	[30]	[30]
237	19	[31]	[31, 33]	[31]	[31]	[31]	[31]
237	20	[29]	[28, 29]	[29]	[29]	[29]	[29]
237	22	[37, 38]	[35, 36, 37, 38]	[36]	[35, 36]	[35, 36, 37, 38]	[35, 36, 38]
237	23	[]	[]	[]	[]	[]	[]
237	24	[43]	[42, 43]	[43]	[43]	[43]	[43]
237	25	[41]	[41]	[41]	[41]	[41]	[41]
237	26	[]	[26]	[]	[]	[]	[]
237	27	[40]	[40]	[40]	[40]	[40]	[40]
237	28	[]	[]	[]	[]	[]	[]
237	29	[]	[44]	[]	[]	[]	[]
237	30	[45]	[45]	[45]	[45]	[45]	[45]
237	31	[46]	[46]	[46]	[46]	[46]	[46]
237	32	[48]	[47, 48]	[48]	[48]	[48]	[48]
237	33	[49]	[49]	[49]	[49]	[49]	[49]
237	34	[]	[]	[]	[]	[50]	[]
237	35	[50]	[50]	[50]	[50]	[50]	[50]
237	36	[53, 54]	[51, 52, 53, 54]	[52, 53]	[51, 52, 53, 54]	[52, 53, 54]	[53, 54]
237	37	[55]	[55]	[55]	[55]	[55]	[55]
237	38	[56]	[33, 56]	[56]	[56]	[56]	[56]
237	40	[58]	[58]	[58]	[58]	[58]	[58]
237	41	[60]	[60]	[60]	[60]	[60]	[60]
237	42	[63]	[63]	[63]	[63]	[63]	[63]
237	43	[64]	[64]	[64]	[64]	[64]	[64]
237	44	[65]	[65]	[42, 65]	[42, 65]	[42, 65]	[42, 65]
237	45	[62]	[62]	[62]	[62]	[62]	[62]
237	46	[66]	[66]	[66]	[66]	[66]	[66]
237	47	[67]	[67]	[67]	[67]	[67]	[67]
237	48	[68]	[68]	[68]	[68]	[68]	[68]
237	49	[69]	[69]	[69]	[69]	[69]	[69]
237	50	[]	[]	[]	[]	[]	[]
237	51	[71]	[70, 71]	[71]	[70, 71]	[71]	[71]
237	52	[74]	[73, 74]	[74]	[73, 74]	[74]	[74]
237	53	[76]	[75, 76]	[76]	[75, 76]	[76]	[76]
237	54	[72]	[33, 72]	[72]	[72]	[72]	[72]
238	0	[2]	[2]	[2]	[2]	[2]	[2]
238	1	[]	[]	[]	[]	[]	[]
238	2	[0]	[]	[]	[]	[]	[]
238	3	[6]	[6, 7]	[6]	[6, 7]	[6]	[6]
238	4	[4]	[3, 4, 5]	[4]	[3, 4]	[3, 4]	[4]
238	6	[]	[0]	[0]	[0]	[0]	[0]
238	7	[13]	[9, 10, 11, 12, 13]	[9]	[9, 10]	[9, 13]	[9, 13]
238	8	[]	[]	[]	[]	[]	[]
238	9	[]	[]	[]	[]	[]	[]
238	11	[14]	[14, 18]	[14]	[14]	[14]	[14]
238	12	[16]	[15, 16, 19]	[16]	[15, 16]	[16]	[16]
238	13	[16]	[21]	[]	[]	[21]	[]
238	14	[31]	[29, 30, 31]	[31]	[29, 31]	[29, 31]	[31]
238	15	[]	[33]	[]	[33]	[]	[]
238	16	[32]	[32]	[32]	[32]	[32]	[32]
238	17	[25]	[11, 23, 25]	[25]	[23, 25]	[25]	[25]
238	18	[24]	[20, 24]	[24]	[24]	[24]	[24]
238	19	[33]	[28]	[]	[]	[33]	[33]
238	20	[34]	[34]	[34]	[34]	[34]	[34]
238	21	[38]	[37, 38]	[38]	[38]	[38]	[38]
238	22	[27]	[26, 27, 35, 36]	[36]	[27, 36]	[36]	[36]
239	0	[1]	[1]	[1]	[1]	[1]	[1]
239	1	[0]	[0]	[0]	[0]	[0]	[0]
239	2	[3]	[2, 3]	[2, 3]	[2, 3]	[2, 3]	[2, 3]
239	3	[4]	[4]	[4]	[4]	[4]	[4]
239	4	[8]	[7, 8]	[8]	[8]	[8]	[8]
239	5	[6]	[5, 6]	[6]	[5, 6]	[6]	[6]
239	6	[11]	[10, 11]	[11]	[11]	[11]	[11]
239	8	[13]	[13]	[13]	[13]	[13]	[13]
239	9	[18, 19]	[17, 18, 19]	[19]	[18, 19]	[18, 19]	[18, 19]
239	10	[]	[]	[]	[]	[]	[]
239	11	[21]	[20, 21]	[21]	[20, 21]	[21]	[21]
239	12	[14]	[14]	[14]	[14]	[14]	[14]
239	13	[16]	[15, 16]	[16]	[16]	[16]	[16]
239	14	[]	[]	[]	[]	[]	[]
239	16	[]	[]	[]	[]	[]	[]
239	17	[22]	[]	[]	[]	[22]	[22]
239	18	[23]	[23]	[23]	[23]	[23]	[23]
239	20	[]	[]	[]	[]	[]	[]
239	21	[24]	[24]	[24]	[24]	[24]	[24]
239	22	[25]	[25]	[25]	[25]	[25]	[25]
239	24	[]	[]	[]	[]	[]	[]
239	25	[]	[]	[]	[]	[]	[]
239	26	[29]	[29]	[29]	[29]	[29]	[29]
239	27	[30]	[27, 28, 30]	[27, 30]	[27, 30]	[27, 30]	[27, 30]
239	28	[32, 33, 34]	[31, 32, 33, 34, 36]	[31, 32, 34]	[31, 32, 33, 34]	[31, 32, 34]	[31, 32, 34]
239	29	[]	[35, 37]	[]	[37]	[]	[]
239	30	[45]	[45]	[45]	[45]	[45]	[45]
239	31	[]	[43]	[]	[43]	[]	[]
239	32	[46]	[41, 42, 46]	[46]	[46]	[46]	[46]
239	33	[47]	[47, 48]	[47]	[47, 48]	[47]	[47]
239	34	[]	[]	[]	[]	[]	[]
239	35	[49]	[49]	[49]	[49]	[49]	[49]
239	36	[44]	[44]	[]	[44]	[44]	[]
239	37	[42]	[]	[]	[]	[]	[]
239	38	[]	[]	[]	[]	[]	[]
239	39	[40]	[40]	[40]	[40]	[40]	[40]
239	40	[39]	[38, 39]	[39]	[39]	[39]	[39]
239	42	[51]	[51]	[51]	[51]	[51]	[51]
239	43	[52]	[52]	[52]	[52]	[52]	[52]
239	44	[60, 61]	[54, 58, 59, 60, 61]	[60]	[60, 61]	[60]	[60]
239	45	[57]	[57]	[57]	[57]	[57]	[57]
239	46	[55]	[53, 55, 56]	[55]	[55, 56]	[55]	[55]
240	0	[9]	[0, 9]	[9]	[9]	[9]	[9]
240	1	[2]	[1, 2]	[2]	[2]	[2]	[2]
240	2	[5]	[4, 5, 6]	[5]	[4, 5]	[5]	[5]
240	3	[10]	[10]	[10]	[10]	[10]	[10]
240	4	[8]	[8]	[8]	[8]	[8]	[8]
240	5	[13, 14, 15]	[7, 13]	[13]	[7, 13]	[13]	[13]
240	6	[]	[12]	[]	[12]	[13]	[13]
240	7	[17]	[14, 15, 16, 17, 18]	[15]	[15, 16]	[15, 17]	[17]
240	8	[23]	[23]	[23]	[23]	[23]	[23]
240	9	[24]	[22, 24]	[24]	[24]	[24]	[24]
240	10	[21]	[20, 21]	[21]	[20, 21]	[21]	[21]
240	12	[27]	[27]	[27]	[27]	[27]	[27]
240	13	[]	[26]	[26]	[26]	[26]	[26]
240	14	[26]	[]	[]	[]	[]	[]
240	15	[30]	[28, 29, 30]	[30]	[28, 30]	[30]	[30]
240	17	[32]	[32]	[32]	[32]	[32]	[32]
240	18	[34]	[]	[]	[]	[]	[]
240	19	[]	[37]	[37]	[37]	[37]	[37]
240	20	[38]	[34, 35, 36, 38]	[36, 38]	[35, 36, 38]	[36, 38]	[36, 38]
240	21	[37]	[]	[]	[]	[]	[]
240	22	[39]	[19, 39]	[39]	[39]	[39]	[39]
240	24	[43]	[43]	[43]	[43]	[43]	[43]
240	25	[42]	[41]	[41]	[41]	[41]	[41]
240	26	[41]	[42]	[]	[42]	[42]	[42]
240	27	[46]	[46]	[46]	[46]	[46]	[46]
240	28	[45]	[44, 45]	[45]	[44, 45]	[44, 45]	[44]
240	29	[47]	[47]	[47]	[47]	[47]	[47]
240	30	[49]	[49]	[49]	[49]	[49]	[49]
240	31	[]	[50]	[50]	[50]	[50]	[50]
240	32	[51]	[48, 51]	[51]	[48, 51]	[51]	[51]
240	34	[]	[]	[]	[]	[]	[]
240	35	[54]	[54]	[54]	[54]	[54]	[54]
240	36	[58]	[55, 56, 57, 58]	[58]	[56, 58]	[58]	[58]
240	37	[61]	[52, 61]	[61]	[52, 61]	[61]	[61]
240	38	[62]	[59, 60, 62]	[59]	[59, 60]	[59, 60, 62]	[59, 62]
241	0	[]	[]	[]	[]	[]	[]
241	1	[]	[26]	[]	[]	[]	[]
241	2	[3]	[3]	[3]	[3]	[3]	[3]
241	3	[]	[]	[]	[]	[]	[]
241	4	[4]	[2, 4]	[4]	[4]	[4]	[4]
241	5	[1]	[0, 1, 9]	[1]	[1]	[1]	[1]
241	6	[10]	[6, 10]	[10]	[10]	[10]	[10]
241	7	[16]	[15, 16]	[16]	[15, 16]	[16]	[16]
241	8	[11, 12, 13, 14]	[12, 13, 14]	[13, 14]	[12, 13, 14]	[13, 14]	[13, 14]
241	9	[]	[7, 8, 11]	[8]	[7, 8]	[7, 8]	[7, 8]
241	10	[18]	[18, 22]	[18]	[18]	[18]	[18]
241	11	[24]	[19, 20, 21, 23, 24]	[24]	[20, 24]	[24]	[24]
241	13	[]	[]	[]	[]	[]	[]
241	14	[28]	[27]	[27]	[27, 28]	[27, 28]	[27]
241	15	[32]	[28, 30, 31, 32]	[31, 32]	[30, 31, 32]	[31, 32]	[32]
241	16	[34]	[33]	[33]	[33]	[33]	[33]
241	17	[]	[]	[]	[]	[]	[]
241	18	[]	[]	[]	[]	[]	[]
241	19	[35, 36]	[35, 36]	[35]	[35, 36]	[35]	[35]
241	20	[38]	[37, 38]	[38]	[38]	[38]	[38]
241	21	[40]	[40]	[40]	[40]	[40]	[40]
241	22	[]	[42]	[42]	[42]	[42]	[42]
241	23	[]	[43]	[43]	[43]	[43]	[43]
241	24	[41]	[39, 41]	[41]	[39, 41]	[41]	[41]
241	26	[46]	[46]	[46]	[46]	[46]	[46]
241	27	[48]	[34, 47, 48, 51]	[48]	[48]	[48]	[48]
241	28	[50]	[49, 50]	[49]	[49, 50]	[49]	[49]
241	29	[53]	[53]	[53]	[53]	[53]	[53]
241	30	[55]	[54, 55]	[54]	[54, 55]	[54, 55]	[54]
241	31	[58]	[44, 56, 57, 58]	[56]	[56, 58]	[56]	[56]
241	32	[59]	[59]	[59]	[59]	[59]	[59]
241	34	[64]	[62, 63, 64]	[64]	[63, 64]	[64]	[64]
241	35	[61]	[61]	[61]	[61]	[61]	[61]
241	36	[72]	[52, 70, 71, 72]	[72]	[71, 72]	[72]	[72]
241	37	[66]	[65, 66, 67]	[65]	[65, 66]	[65]	[65]
241	38	[69]	[69]	[69]	[69]	[69]	[69]
241	39	[]	[]	[]	[]	[]	[]
241	40	[68]	[68, 113]	[68]	[68]	[68]	[68]
241	41	[75]	[75, 97, 98]	[75]	[75]	[75]	[75]
241	42	[74]	[73, 74, 96]	[74]	[73, 74]	[74]	[74]
241	43	[77]	[77, 102]	[77]	[77, 102]	[77]	[77]
241	44	[79]	[79]	[79]	[79]	[79]	[79]
241	45	[]	[]	[]	[]	[]	[]
241	46	[85]	[85]	[85]	[85]	[85]	[85]
241	47	[86]	[84, 86]	[86]	[84, 86]	[84, 86]	[86]
241	48	[80]	[78, 80]	[80]	[80]	[80]	[80]
241	49	[83]	[81, 82, 83]	[83]	[82, 83]	[82, 83]	[83]
241	51	[94, 95, 96]	[93, 99]	[]	[]	[]	[]
241	52	[88]	[88]	[88]	[88]	[88]	[88]
241	53	[100, 101]	[100]	[]	[100]	[]	[]
241	54	[91]	[90, 91]	[91]	[91]	[91]	[91]
241	55	[102]	[92, 101]	[101]	[101]	[101]	[101]
241	56	[108]	[108]	[108]	[108]	[108]	[108]
241	57	[110]	[96, 109, 110, 111, 112]	[110]	[109, 110]	[110]	[110]
241	58	[106, 107]	[105, 106, 107]	[107]	[105, 106, 107]	[106, 107]	[107]
241	59	[104]	[103, 104]	[104]	[103, 104]	[104]	[104]
241	61	[115, 116, 117]	[115, 116, 117]	[116]	[115, 116]	[116]	[116]
241	62	[]	[]	[]	[]	[]	[]
241	63	[119]	[94, 95, 118, 119]	[119]	[94, 119]	[119]	[119]
241	64	[118]	[120]	[118]	[118]	[118, 120]	[118, 120]
241	65	[122]	[121, 122]	[122]	[121, 122]	[122]	[122]
241	66	[123]	[123]	[123]	[123]	[123]	[123]
241	67	[124]	[124]	[124]	[124]	[124]	[124]
241	68	[125]	[125]	[125]	[125]	[125]	[125]
241	70	[127]	[]	[]	[]	[127]	[127]
241	71	[]	[127]	[127]	[127]	[127]	[127]
241	72	[128]	[128]	[128]	[128]	[128]	[128]
241	73	[130]	[130]	[130]	[130]	[130]	[]
241	74	[131]	[]	[]	[]	[]	[]
241	75	[]	[]	[]	[127]	[127]	[127]
241	76	[]	[]	[]	[]	[]	[]
241	77	[133]	[129, 130]	[]	[]	[130]	[130]
241	78	[]	[]	[]	[]	[131]	[131]
241	79	[]	[131]	[131]	[131]	[131]	[131]
241	80	[135]	[135]	[135]	[135]	[135]	[135]
241	81	[137]	[132, 133, 136, 137]	[137]	[130, 137]	[130, 133, 137]	[130, 137]
241	82	[138]	[138]	[138]	[138]	[138]	[138]
241	83	[]	[]	[]	[138]	[]	[]
241	84	[]	[]	[]	[]	[]	[]
241	85	[140]	[139, 140]	[140]	[139, 140]	[140]	[140]
242	0	[10]	[10]	[]	[]	[10]	[10]
242	1	[]	[]	[]	[]	[]	[]
242	2	[]	[12]	[12]	[12]	[12]	[12]
242	3	[]	[]	[]	[]	[]	[]
242	4	[5]	[5]	[5]	[5]	[5]	[5]
242	5	[4]	[3, 4]	[4]	[3, 4]	[4]	[4]
242	6	[8]	[0, 6, 7, 8]	[8]	[8]	[8]	[8]
242	7	[1]	[1]	[1]	[1]	[1]	[1]
242	8	[]	[]	[]	[]	[]	[]
242	9	[2]	[2]	[2]	[2]	[2]	[2]
242	10	[13]	[0, 11, 13]	[13]	[13]	[13]	[13]
242	11	[14]	[14]	[14]	[14]	[14]	[14]
242	12	[]	[17]	[]	[]	[]	[]
242	13	[16]	[15, 16, 18]	[16]	[15, 16]	[16]	[16]
242	14	[19]	[19, 22, 23]	[19]	[19, 23]	[19]	[19]
242	15	[]	[]	[]	[]	[]	[]
242	16	[21]	[21]	[21]	[21]	[21]	[21]
242	17	[]	[]	[]	[]	[]	[]
242	18	[22, 23]	[23]	[23]	[23]	[23]	[23]
242	19	[25]	[24, 25]	[25]	[25]	[25]	[25]
242	20	[27]	[27]	[27]	[27]	[27]	[27]
242	21	[28, 29]	[28, 29, 30]	[28, 29]	[28, 29, 30]	[28, 29]	[28, 29]
242	22	[]	[]	[]	[]	[]	[]
242	23	[]	[32, 33, 34]	[34]	[33, 34]	[34]	[34]
242	24	[31]	[31]	[31]	[31]	[31]	[31]
242	25	[38, 39]	[36, 38, 39]	[38]	[36, 38]	[36, 38]	[38]
242	26	[40]	[37, 40]	[40]	[40]	[40]	[40]
242	27	[41]	[41]	[41]	[41]	[41]	[41]
242	28	[]	[]	[]	[]	[]	[]
242	29	[42]	[42]	[42]	[42]	[42]	[42]
242	30	[43]	[43]	[43]	[43]	[43]	[43]
243	0	[2]	[2]	[2]	[2]	[2]	[2]
243	1	[0]	[0]	[0]	[0]	[0]	[0]
243	2	[]	[]	[]	[]	[]	[]
243	3	[5, 6]	[3, 4, 5, 6]	[3, 5]	[3, 4, 5]	[3, 5]	[3, 5]
243	4	[7]	[7]	[7]	[7]	[7]	[7]
243	5	[8]	[10]	[10]	[10]	[10]	[10]
243	6	[10]	[8, 9]	[8]	[8, 9]	[8]	[8]
243	7	[11]	[11]	[11]	[11]	[11]	[11]
243	8	[12]	[12]	[12]	[12]	[12]	[12]
243	10	[]	[]	[]	[]	[]	[]
243	11	[16]	[13, 14, 15, 16]	[16]	[14, 16]	[16]	[16]
243	12	[18]	[17, 18]	[18]	[17, 18]	[17, 18]	[17, 18]
244	0	[1]	[0, 1]	[1]	[0, 1]	[1]	[1]
244	1	[]	[]	[]	[]	[]	[]
244	2	[]	[]	[]	[]	[]	[]
244	3	[]	[4]	[]	[]	[]	[]
244	4	[3]	[2, 3]	[3]	[3]	[3]	[3]
244	5	[5]	[5]	[5]	[4, 5]	[5]	[5]
244	6	[8]	[6, 7, 8]	[8]	[7, 8]	[8]	[8]
244	7	[9]	[9]	[9]	[9]	[9]	[9]
244	8	[14]	[12, 13, 14]	[14]	[13, 14]	[14]	[14]
244	9	[11]	[11]	[11]	[11]	[11]	[11]
244	11	[]	[]	[]	[]	[]	[]
244	12	[]	[]	[]	[]	[]	[]
244	13	[17]	[17]	[17]	[17]	[17]	[17]
244	14	[16]	[16]	[16]	[16]	[16]	[16]
244	15	[23]	[19, 20]	[20]	[19, 20]	[20]	[20]
244	16	[24]	[22, 23, 24]	[24]	[24]	[24]	[24]
244	17	[21]	[21]	[21]	[21]	[21]	[21]
244	18	[18]	[18]	[18]	[18]	[18]	[18]
244	20	[27]	[27]	[27]	[27]	[27]	[27]
244	21	[26]	[26]	[26]	[26]	[26]	[26]
244	22	[28]	[28]	[28]	[28]	[28]	[28]
244	23	[32]	[32]	[32]	[32]	[32]	[32]
244	24	[33]	[33]	[33]	[33]	[33]	[33]
244	25	[29, 30, 31]	[29, 30, 31]	[29]	[29]	[29]	[29]
244	27	[36]	[35, 36]	[36]	[35, 36]	[36]	[36]
244	28	[]	[]	[]	[]	[]	[]
244	29	[41]	[38, 39, 40, 41]	[39, 41]	[38, 39, 40, 41]	[39, 41]	[39, 41]
244	30	[44]	[44]	[44]	[44]	[44]	[44]
244	31	[43]	[43]	[43]	[43]	[43]	[43]
244	33	[]	[]	[]	[]	[]	[]
244	34	[46]	[46]	[46]	[46]	[46]	[46]
244	35	[48]	[48]	[48]	[48]	[48]	[48]
244	36	[47]	[47, 55]	[47]	[47]	[47]	[47]
244	37	[53]	[52, 53]	[53]	[52, 53]	[53]	[53]
244	38	[49]	[49]	[49]	[49]	[49]	[49]
244	39	[51]	[50, 51]	[51]	[50, 51]	[51]	[51]
244	40	[58]	[58]	[58]	[58]	[58]	[58]
244	41	[59]	[57, 59]	[59]	[57, 59]	[59]	[59]
244	42	[]	[55]	[]	[55]	[]	[]
244	43	[56]	[56]	[56]	[56]	[56]	[56]
245	0	[15]	[8, 9]	[]	[9]	[]	[]
245	1	[0]	[0]	[0]	[0]	[0]	[0]
245	2	[]	[]	[]	[]	[]	[]
245	3	[14]	[14]	[14]	[14]	[14]	[14]
245	4	[7, 8, 9]	[7]	[7]	[7]	[7]	[7]
245	5	[10]	[10]	[10]	[10]	[10]	[10]
245	6	[]	[11, 12, 13]	[12]	[12]	[12]	[12]
245	7	[1]	[2]	[2]	[2]	[2]	[2]
245	8	[1]	[1]	[1]	[1]	[1]	[1]
245	9	[3, 4]	[3, 4]	[4]	[3, 4]	[4]	[4]
245	10	[]	[]	[]	[]	[]	[]
245	11	[5]	[5]	[5]	[5]	[5]	[5]
245	12	[6]	[6]	[6]	[6]	[6]	[6]
245	13	[18, 19]	[18, 19]	[]	[19]	[19]	[]
245	14	[]	[]	[]	[]	[]	[]
245	15	[17]	[15, 16, 17]	[16]	[16]	[16, 17, 21]	[16, 17]
245	17	[24]	[23, 24]	[24]	[24]	[24]	[24]
245	18	[]	[]	[]	[]	[]	[]
245	19	[22]	[21, 22, 26]	[22]	[22, 26]	[22]	[22]
245	20	[]	[]	[]	[]	[]	[]
245	21	[27, 28, 29]	[27, 28, 29]	[27]	[27]	[26, 27]	[27]
245	22	[31]	[31]	[31]	[31]	[31]	[31]
245	23	[33]	[32, 33]	[33]	[33]	[33]	[33]
245	25	[35, 36]	[35, 36]	[35]	[35, 36]	[35]	[35]
245	26	[40]	[39]	[39]	[39]	[39]	[39]
245	27	[]	[40]	[]	[40]	[]	[]
245	28	[42]	[41, 42]	[42]	[41, 42]	[42]	[42]
245	29	[38]	[37, 38]	[38]	[38]	[38]	[38]
245	31	[46]	[45]	[45]	[45, 46]	[45]	[45]
245	32	[43]	[43]	[]	[]	[43]	[43]
245	33	[48]	[47, 48]	[48]	[48]	[48]	[48]
245	34	[44]	[44]	[44]	[44]	[44]	[44]
245	35	[]	[46]	[]	[]	[]	[]
245	36	[53]	[52, 53]	[53]	[52, 53]	[53]	[53]
245	37	[51]	[49, 50, 51]	[51]	[49, 51]	[51]	[51]
246	0	[2]	[]	[]	[]	[2]	[2]
246	1	[3]	[3]	[3]	[3]	[3]	[3]
246	2	[]	[]	[]	[]	[]	[]
246	3	[5, 6, 7, 8, 9]	[5, 8]	[8]	[5, 8]	[8]	[8]
246	4	[]	[7, 48]	[7]	[7]	[7]	[7]
246	5	[4]	[4, 6, 9]	[4]	[4]	[4]	[4]
246	6	[1]	[0, 1, 2]	[1]	[0, 1]	[1]	[1]
246	8	[11]	[11]	[11]	[11]	[11]	[11]
246	9	[14]	[13, 14, 42, 43]	[14]	[13, 14]	[14]	[14]
246	10	[12]	[12, 21]	[12]	[12]	[12]	[12]
246	11	[]	[]	[]	[]	[]	[]
246	12	[18]	[18, 27]	[18]	[18]	[18]	[18]
246	13	[19]	[19]	[19]	[19]	[19]	[19]
246	14	[17]	[9, 17]	[17]	[16, 17]	[17]	[17]
246	15	[15]	[15, 25, 26]	[15]	[15]	[15]	[15]
246	16	[16]	[16, 34]	[]	[]	[]	[]
246	17	[23, 24]	[]	[21]	[21]	[21]	[21]
246	18	[22]	[22, 30]	[22, 30]	[22, 30]	[22, 30]	[22, 30]
246	19	[31, 40]	[23, 24]	[24]	[23, 24]	[24]	[24]
246	20	[25, 26, 27, 28, 29]	[28, 29]	[29]	[29]	[29]	[29]
246	21	[31, 40]	[40]	[40]	[40]	[40]	[40]
246	22	[36]	[36]	[36]	[36]	[36]	[36]
246	23	[37]	[31, 37]	[37]	[37]	[37]	[37]
246	24	[32, 33]	[32, 44, 45, 46]	[32]	[32]	[32]	[32]
246	25	[35]	[33, 35]	[35]	[33, 35]	[35]	[35]
246	26	[]	[]	[]	[]	[]	[]
246	27	[38]	[38, 49]	[38]	[38]	[38]	[38]
246	29	[]	[50, 52, 53]	[50, 53]	[50, 52, 53]	[50, 52, 53]	[52]
246	30	[62]	[61, 62]	[62]	[61, 62]	[62]	[62]
246	31	[]	[56, 66]	[66]	[56, 66]	[66]	[66]
246	32	[58]	[32, 57, 58]	[58]	[58]	[58]	[58]
246	33	[60]	[59, 60]	[60]	[59, 60]	[60]	[60]
246	34	[]	[51]	[]	[]	[]	[]
246	35	[61]	[54, 63]	[54]	[54, 63]	[54]	[54]
246	36	[63]	[55]	[55]	[55]	[55, 63]	[55]
246	37	[]	[47]	[]	[]	[]	[]
246	38	[64]	[64]	[64]	[64]	[64]	[64]
246	39	[66]	[]	[]	[]	[]	[]
246	40	[65]	[65]	[65]	[65]	[65]	[65]
247	0	[]	[]	[]	[]	[]	[]
247	1	[0]	[0, 1]	[0]	[0]	[0]	[0]
247	2	[6]	[6, 7]	[6]	[6]	[6]	[6]
247	3	[5]	[3, 4, 5, 9]	[5]	[5]	[5]	[5]
247	4	[2]	[2]	[2]	[2]	[2]	[2]
247	5	[10]	[10]	[13]	[10, 13]	[10, 13]	[13]
247	6	[16]	[8, 14]	[14]	[14]	[14]	[14]
247	7	[15]	[15]	[15]	[15]	[15]	[15]
247	8	[14]	[16]	[16]	[16]	[16]	[16]
247	9	[12]	[11, 12]	[12]	[12]	[11, 12]	[12]
247	11	[20, 22]	[20, 22]	[22]	[20, 22]	[22]	[22]
247	12	[18]	[18, 21]	[18]	[18]	[18]	[18]
247	13	[]	[13]	[]	[]	[]	[]
247	14	[24, 25, 26]	[25, 26]	[26]	[26]	[26]	[26]
247	15	[27]	[27]	[27]	[27]	[27]	[27]
247	16	[28]	[28]	[28]	[28]	[28]	[28]
247	18	[]	[19, 32]	[32]	[32]	[32]	[32]
247	19	[30]	[30]	[30]	[30]	[30]	[30]
247	20	[]	[]	[]	[]	[]	[]
247	21	[34]	[23, 24, 33, 34]	[34]	[33, 34]	[34]	[34]
247	22	[38, 39]	[37, 38, 39]	[39]	[37, 39]	[39]	[39]
247	23	[35]	[35]	[]	[35]	[30]	[]
247	24	[36]	[31, 36]	[36]	[36]	[36]	[36]
247	25	[40]	[40]	[40]	[40]	[40]	[40]
247	26	[]	[41]	[]	[41]	[]	[]
247	27	[42, 43, 44, 45]	[42, 43, 44, 45]	[42]	[42]	[42]	[42]
248	0	[0]	[0]	[0]	[0]	[0]	[0]
248	1	[5]	[5]	[5]	[5]	[5]	[5]
248	2	[6]	[6]	[6]	[6]	[6]	[6]
248	3	[]	[]	[]	[0]	[]	[]
248	4	[3]	[3]	[3]	[3]	[3]	[3]
248	5	[2]	[2]	[2]	[2]	[2]	[2]
248	6	[4]	[1, 4]	[4]	[1, 4]	[4]	[4]
248	7	[7]	[7]	[7]	[7]	[7]	[7]
248	8	[8]	[8]	[8]	[8]	[8]	[8]
248	9	[10]	[9, 10, 25]	[10]	[10]	[10]	[10]
248	10	[11]	[11]	[11]	[11]	[11]	[11]
248	11	[12]	[12]	[12]	[12]	[12]	[12]
248	12	[13, 14]	[13]	[13]	[13]	[13]	[13]
248	14	[23, 24]	[21, 23, 24]	[23]	[23, 24]	[23]	[23]
248	15	[]	[]	[]	[]	[]	[]
248	16	[16]	[16, 19]	[16]	[16, 19]	[16]	[16]
248	17	[18, 19]	[18]	[]	[]	[18, 19]	[19]
248	18	[22]	[22]	[22]	[22]	[22]	[22]
248	19	[27]	[29, 33]	[]	[]	[27]	[27]
248	20	[30, 31]	[30, 31, 32]	[30, 31]	[30, 31]	[30, 31]	[30]
248	21	[28]	[26, 27, 28]	[28]	[27, 28]	[28]	[28]
248	23	[39, 41]	[36, 37, 38, 39, 40, 41]	[38, 41]	[37, 38, 41]	[38, 41]	[41]
248	24	[35]	[35]	[35]	[35]	[35]	[35]
248	25	[44]	[42, 43]	[43]	[43]	[43]	[43]
248	26	[46, 47, 48]	[45, 46, 47, 48]	[46]	[46, 48]	[46, 48]	[46]
248	28	[53]	[52, 53]	[51, 53]	[51, 52, 53]	[51, 53]	[51, 53]
248	29	[57]	[57, 68]	[57]	[57]	[57]	[57]
248	30	[58]	[55, 56, 58]	[58]	[56, 58]	[58]	[58]
248	31	[60]	[59, 60]	[60]	[59, 60]	[60]	[60]
248	32	[61]	[61, 62]	[61]	[61, 62]	[61]	[61]
248	33	[71]	[51, 64]	[]	[64]	[]	[]
248	34	[72]	[72]	[72]	[72]	[72]	[72]
248	35	[73]	[]	[]	[]	[]	[]
248	36	[69]	[63, 66, 67, 69]	[67, 69]	[63, 67, 69]	[56, 67, 69]	[67, 69]
248	37	[]	[44]	[]	[]	[]	[]
248	38	[64]	[70, 71]	[71]	[71]	[71]	[71]
248	39	[65]	[14, 65, 73]	[65, 73]	[65, 73]	[65, 73]	[65, 73]
248	40	[63]	[49]	[]	[]	[]	[]
249	0	[4, 5]	[4]	[4]	[4]	[4]	[4]
249	1	[]	[]	[]	[]	[]	[]
249	2	[1]	[1]	[1]	[1]	[1]	[1]
249	3	[]	[]	[]	[]	[]	[]
249	4	[7]	[5, 7]	[7]	[7]	[7]	[7]
249	5	[8]	[8]	[8]	[8]	[8]	[8]
249	6	[]	[]	[]	[]	[]	[]
249	7	[9]	[9]	[9]	[9]	[9]	[9]
249	8	[0]	[0, 11]	[0]	[0, 11]	[0]	[0]
249	9	[17]	[15, 16, 17]	[17]	[16, 17]	[17]	[17]
249	10	[14]	[2, 13, 14]	[13]	[13]	[13, 14]	[13]
249	12	[22]	[12, 20, 21, 22]	[21, 22]	[21, 22]	[21, 22]	[21, 22]
249	13	[]	[]	[]	[]	[]	[]
249	14	[]	[19, 23, 24]	[19]	[19]	[19]	[19]
249	15	[24]	[25]	[]	[]	[]	[]
249	16	[30]	[28, 29, 30]	[30]	[30]	[30]	[30]
249	17	[27]	[26, 27]	[27]	[26, 27]	[27]	[27]
249	19	[33]	[33]	[33]	[33]	[33]	[33]
249	20	[32]	[32]	[32]	[32]	[32]	[32]
249	21	[35]	[35]	[35]	[35]	[35]	[35]
249	22	[]	[3]	[]	[]	[]	[]
249	23	[34]	[5, 34]	[34]	[34]	[34]	[34]
249	24	[45]	[44]	[]	[44]	[45]	[45]
249	25	[40]	[40]	[40]	[40]	[40]	[40]
249	26	[41]	[41]	[41]	[41]	[41]	[41]
249	27	[42]	[39, 42]	[42]	[42]	[42]	[42]
249	28	[38]	[24, 36, 37, 38]	[38]	[37, 38]	[38]	[38]
249	29	[43]	[43]	[43]	[43]	[43]	[43]
249	30	[48, 49]	[46, 47, 48, 49, 50]	[47, 48, 50]	[47, 48, 49, 50]	[47, 48, 49, 50]	[49, 50]
249	31	[53]	[53]	[53]	[53]	[53]	[53]
249	32	[]	[]	[]	[]	[]	[]
249	33	[54]	[54]	[54]	[54]	[54]	[54]
249	34	[55]	[55]	[55]	[55]	[55]	[55]
249	35	[]	[45, 51, 52]	[45, 52]	[45, 51, 52]	[45, 52]	[45, 52]
250	0	[]	[]	[]	[]	[]	[]
250	1	[]	[]	[]	[]	[]	[]
250	2	[0]	[0]	[0]	[0]	[0]	[0]
250	3	[1]	[1, 4]	[1]	[1]	[1]	[1]
250	4	[2]	[2]	[2]	[2]	[2]	[2]
250	5	[3]	[]	[]	[]	[]	[]
250	6	[7]	[6, 7]	[7]	[6, 7]	[7]	[7]
250	7	[11, 12]	[11, 12]	[11]	[11, 12]	[11, 12]	[11]
250	8	[13]	[5]	[5]	[5]	[5]	[5]
250	9	[14]	[13, 14]	[14]	[13, 14]	[14]	[14]
250	10	[]	[]	[]	[]	[]	[]
250	11	[8, 9]	[8, 9]	[9]	[8, 9]	[9]	[9]
250	12	[10]	[10]	[10]	[10]	[10]	[10]
250	14	[16]	[16]	[16]	[16]	[16]	[16]
250	15	[20]	[20]	[20]	[20]	[20]	[20]
250	16	[17]	[17]	[17]	[17]	[17]	[17]
250	17	[18]	[18, 19]	[18]	[18, 19]	[18, 19]	[18, 19]
250	18	[23]	[23]	[23]	[23]	[23]	[23]
250	19	[25]	[24, 25]	[25]	[24, 25]	[24, 25]	[25]
250	20	[22]	[21, 22]	[]	[21]	[21, 22]	[21]
250	22	[28]	[27, 28]	[28]	[27, 28]	[28]	[28]
250	23	[30]	[3, 29, 30]	[30]	[29, 30]	[30]	[30]
250	24	[31]	[31, 44, 54]	[31]	[31]	[31]	[31]
250	25	[32]	[32]	[32]	[32]	[32]	[32]
250	26	[34]	[33, 34, 59]	[34]	[34]	[34]	[34]
250	27	[35, 36]	[35, 36]	[35, 36]	[35, 36]	[35, 36, 61]	[35, 36]
250	28	[38]	[37, 38, 58, 63]	[38]	[37, 38]	[38]	[38]
250	30	[40]	[40, 48]	[40]	[40, 48]	[40]	[40]
250	31	[42]	[]	[]	[]	[]	[]
250	32	[43]	[43]	[43]	[43]	[43]	[43]
250	33	[46]	[44, 45, 46]	[46]	[45, 46]	[46]	[46]
250	34	[42]	[41, 42]	[42]	[41, 42]	[42]	[42]
250	36	[48]	[]	[]	[]	[]	[]
250	37	[50]	[49, 50]	[]	[]	[]	[]
250	38	[53]	[51, 52, 53]	[52]	[52, 53]	[51, 52, 53]	[52]
250	39	[56]	[56]	[56]	[56]	[56]	[56]
250	40	[57]	[55, 57]	[57]	[55, 57]	[57]	[57]
250	42	[61]	[61]	[61]	[61]	[61]	[61]
250	43	[63, 64]	[62, 64]	[64]	[64]	[64]	[64]
250	45	[66]	[66]	[66]	[66]	[66]	[66]
250	46	[68]	[67, 68]	[68]	[67, 68]	[68]	[68]
250	47	[70]	[69, 70]	[70]	[69, 70]	[70]	[70]
250	49	[72]	[72]	[72]	[72]	[72]	[72]
250	50	[73, 74]	[]	[]	[]	[]	[]
250	51	[73, 74]	[]	[]	[]	[]	[]
250	52	[73, 74]	[73]	[]	[]	[]	[]
250	53	[73, 74]	[74]	[73]	[73, 74]	[73]	[73]
250	55	[77]	[77]	[77]	[77]	[77]	[77]
250	56	[76]	[76]	[76]	[76]	[76]	[76]
250	57	[79]	[78]	[78]	[78]	[78, 81]	[81]
250	58	[84]	[83, 84, 85]	[84]	[83, 84]	[84]	[84]
250	59	[82]	[82]	[]	[81]	[]	[]
250	60	[80]	[79, 80, 81]	[80]	[80]	[80]	[80]
250	62	[88]	[]	[]	[]	[]	[]
250	63	[87]	[89]	[89]	[89]	[89]	[89]
250	64	[88]	[87, 88]	[88]	[87, 88]	[88]	[88]
251	0	[0]	[0]	[0]	[0]	[0]	[0]
251	1	[4]	[4]	[4]	[4]	[4]	[4]
251	2	[1]	[1]	[1]	[1]	[1]	[1]
251	3	[2]	[2]	[2]	[2]	[2]	[2]
251	4	[6, 7, 8, 9]	[6]	[6]	[6]	[6]	[6]
251	5	[11, 12]	[10, 11, 12]	[11]	[11, 12]	[11, 12]	[11]
251	6	[13]	[13]	[13]	[13]	[13]	[13]
251	7	[15]	[7, 8, 15]	[8]	[8, 15]	[8]	[8]
251	8	[16]	[9, 14, 16, 25]	[9]	[9, 16]	[9]	[9]
251	9	[20]	[20]	[20]	[20]	[20]	[20]
251	10	[23, 24, 25]	[22, 23, 24]	[23]	[23]	[23]	[23]
251	11	[21]	[19, 21]	[19, 21]	[19, 21]	[19, 21]	[19]
251	12	[17]	[17]	[17]	[17]	[17]	[17]
251	13	[18]	[18]	[18]	[18]	[18]	[18]
251	14	[26]	[26, 27]	[26]	[26, 27]	[26]	[26]
251	15	[31]	[31]	[31]	[31]	[31]	[31]
251	16	[30]	[30]	[30]	[30]	[30]	[30]
251	17	[32]	[32]	[32]	[32]	[32]	[32]
251	18	[33]	[33]	[33]	[33]	[33]	[33]
251	19	[]	[]	[]	[]	[]	[]
251	20	[29]	[28, 29]	[29]	[28, 29]	[28, 29]	[29]
251	22	[37, 39]	[36, 37, 38, 39]	[37]	[37, 39]	[37, 39]	[37, 39]
251	23	[35]	[35]	[35]	[35]	[35]	[35]
251	24	[42]	[41, 42]	[42]	[42]	[42]	[42]
251	26	[45]	[40, 44, 45]	[45]	[44, 45]	[44, 45]	[45]
251	27	[44]	[46]	[]	[]	[44, 46]	[44, 46]
251	28	[51]	[51]	[51]	[51]	[51]	[51]
251	29	[52]	[52]	[52]	[52]	[52]	[52]
251	30	[47, 49]	[47, 49]	[49]	[47, 49]	[49]	[49]
251	32	[55]	[55]	[55]	[55]	[55]	[55]
251	33	[56]	[56]	[56]	[56]	[56]	[56]
251	34	[]	[]	[]	[]	[]	[]
251	35	[57, 58]	[57, 58]	[58]	[58]	[58]	[58]
251	36	[59]	[59]	[59]	[59]	[59]	[59]
251	37	[60]	[60]	[60]	[60]	[60]	[60]
251	38	[61, 62]	[61, 62]	[62]	[62]	[62]	[62]
251	39	[64]	[63, 64]	[64]	[63, 64]	[64]	[64]
252	0	[]	[]	[]	[]	[]	[]
252	1	[0]	[0]	[0]	[0]	[0]	[0]
252	2	[]	[]	[]	[]	[]	[]
252	3	[1]	[1]	[1]	[1]	[1]	[1]
252	4	[]	[9]	[]	[9]	[9]	[]
252	5	[3]	[3]	[]	[]	[]	[]
252	6	[4]	[2, 4]	[4]	[4]	[4]	[4]
252	7	[]	[]	[9]	[9]	[9]	[9]
252	8	[]	[10]	[10]	[10]	[10]	[10]
252	9	[6]	[6, 14, 15]	[15]	[6, 14, 15]	[10, 15]	[15]
252	10	[7]	[7]	[]	[]	[]	[]
252	11	[9]	[16]	[]	[]	[16]	[]
252	12	[11]	[11]	[11]	[11]	[11]	[11]
252	13	[17]	[12, 13, 17]	[17]	[17]	[17]	[17]
252	14	[18]	[18, 21]	[18]	[18]	[18]	[18]
252	15	[19]	[19]	[19]	[19]	[19]	[19]
252	16	[20]	[20, 23]	[20]	[20, 23]	[20]	[20]
252	18	[25, 26, 27]	[25, 26, 27]	[27]	[26, 27]	[26, 27]	[27]
252	19	[31]	[31]	[31]	[31]	[31]	[31]
252	20	[32]	[30, 32, 33]	[32]	[32]	[32]	[32]
252	21	[]	[28]	[28]	[28]	[28]	[28]
252	22	[28]	[]	[]	[]	[]	[]
252	23	[29]	[29]	[29]	[29]	[29]	[29]
252	24	[34]	[34]	[34]	[33, 34]	[34]	[34]
252	25	[38]	[22, 38]	[38]	[38]	[38]	[38]
252	26	[39]	[37, 39]	[39]	[37, 39]	[39]	[39]
252	27	[35, 36]	[35, 36]	[36]	[35, 36]	[36]	[36]
253	0	[9]	[3, 8, 9]	[9]	[9]	[9]	[9]
253	1	[]	[]	[]	[]	[]	[]
253	2	[0]	[0]	[0]	[0]	[0]	[0]
253	3	[]	[]	[]	[]	[]	[]
253	4	[1]	[1, 3]	[1]	[1]	[1]	[1]
253	5	[]	[3]	[]	[]	[]	[]
253	6	[3]	[]	[]	[]	[]	[]
253	7	[4]	[4]	[4]	[4]	[4]	[4]
253	8	[5, 6]	[5, 6]	[5]	[5, 6]	[5, 6]	[5]
253	9	[11]	[10, 11]	[11]	[11]	[11]	[11]
253	10	[12]	[12]	[12]	[12]	[12]	[12]
253	12	[16]	[15, 16]	[16]	[15, 16]	[16]	[16]
253	13	[]	[]	[]	[]	[]	[]
253	14	[17]	[17]	[17]	[17]	[17]	[17]
253	15	[14]	[14]	[14]	[14]	[14]	[14]
253	16	[]	[]	[]	[]	[]	[]
253	17	[20]	[18, 19, 20]	[18, 20]	[18, 20, 25]	[18, 20]	[18, 20]
253	19	[22]	[22, 27]	[27]	[22, 27]	[27]	[27]
253	20	[]	[]	[]	[]	[]	[]
253	21	[25]	[23, 25]	[]	[]	[]	[]
253	23	[27]	[]	[]	[]	[27]	[]
253	24	[32, 33]	[24, 31, 32]	[32]	[31, 32]	[32]	[32]
253	25	[30]	[25, 28, 29, 30]	[30]	[29, 30]	[30]	[30]
253	27	[36]	[35, 36]	[35, 36]	[35, 36]	[35, 36]	[35, 36]
253	28	[38]	[37, 38]	[38]	[38]	[38]	[38]
253	29	[41]	[41, 44]	[44]	[41, 44]	[41, 44]	[44]
253	30	[42]	[42]	[42]	[42]	[42]	[42]
253	31	[45, 46]	[45, 46]	[45]	[45, 46]	[45, 46]	[45, 46]
253	32	[43]	[33, 43]	[33, 43]	[33, 43]	[33, 43]	[43]
253	33	[40]	[39, 40]	[40]	[39, 40]	[40]	[40]
254	0	[2]	[1, 2]	[2]	[1, 2]	[2]	[2]
254	1	[0]	[0]	[0]	[0]	[0]	[0]
254	2	[8]	[8]	[8]	[8]	[8]	[8]
254	3	[]	[11]	[]	[11]	[]	[]
254	4	[9]	[9, 10]	[9]	[9, 10]	[9]	[9]
254	5	[11]	[11]	[11]	[11]	[11]	[11]
254	6	[]	[4]	[]	[]	[]	[]
254	7	[]	[]	[]	[]	[]	[]
254	8	[6]	[5, 6]	[6]	[3, 6]	[3, 6]	[6]
254	10	[13]	[13]	[13]	[13]	[13]	[13]
254	11	[]	[]	[]	[]	[]	[]
254	12	[14]	[14]	[14]	[14]	[14]	[14]
254	13	[21]	[7, 21]	[7, 21]	[7, 21]	[7, 21]	[7, 21]
254	14	[]	[]	[]	[]	[]	[]
254	15	[22]	[22, 31]	[22]	[22]	[22]	[22]
254	16	[15]	[15]	[15]	[15]	[15]	[15]
254	17	[16]	[16]	[16]	[16]	[16]	[16]
254	18	[17, 19]	[17]	[17, 19]	[17, 19]	[17, 19]	[17, 19]
254	19	[20]	[20]	[20]	[20]	[20]	[20]
254	21	[25]	[25]	[25]	[25]	[25]	[25]
254	22	[24]	[24]	[24]	[24]	[24]	[24]
254	23	[26]	[19, 26]	[26]	[26]	[26]	[26]
254	24	[31]	[29, 30, 37]	[30]	[29, 30, 31]	[30]	[30]
254	25	[]	[27, 32]	[]	[27]	[27]	[27]
254	26	[35]	[34, 35, 36]	[34]	[34, 35]	[34]	[34]
254	27	[28]	[28, 33, 37]	[28, 33]	[28, 33]	[33]	[33]
254	29	[39, 40]	[39, 40]	[39]	[39, 40]	[39]	[39]
254	30	[45]	[45]	[45]	[45]	[45]	[45]
254	31	[46]	[]	[]	[]	[]	[]
254	32	[47]	[46, 47]	[47]	[47]	[47]	[47]
254	33	[48]	[48]	[48]	[48]	[48]	[48]
254	35	[]	[]	[]	[]	[]	[]
254	36	[]	[]	[]	[]	[]	[]
254	37	[44]	[41, 44]	[44]	[41, 44]	[44]	[44]
254	38	[42]	[3, 42]	[42]	[42]	[42]	[42]
254	39	[43]	[43]	[43]	[43]	[43]	[43]
255	0	[1]	[1]	[1]	[1]	[1]	[1]
255	1	[0]	[0]	[0]	[0]	[0]	[0]
255	2	[2]	[2, 5]	[2]	[2]	[2]	[2]
255	3	[6]	[6]	[6]	[6]	[6]	[6]
255	4	[3, 4, 5]	[3, 8]	[3]	[3]	[3]	[3]
255	5	[10]	[10]	[10]	[10]	[10]	[10]
255	6	[11]	[4, 11]	[11]	[11]	[11]	[11]
255	7	[12, 13]	[12, 13]	[13]	[13]	[13]	[13]
255	8	[7]	[7]	[7]	[7]	[7]	[7]
255	9	[]	[]	[]	[]	[]	[]
255	10	[8]	[]	[]	[]	[12]	[12]
255	11	[9]	[9]	[9]	[9]	[9]	[9]
255	12	[16]	[14, 15, 16]	[16]	[15, 16]	[16]	[16]
255	13	[17]	[17]	[17]	[17]	[17]	[17]
255	14	[20]	[18, 19, 20]	[18, 20]	[18, 19, 20]	[18, 20]	[18, 20]
255	16	[27]	[27]	[27]	[27]	[27]	[27]
255	17	[]	[]	[]	[]	[]	[]
255	18	[22]	[22]	[22]	[22]	[22]	[22]
255	19	[23, 25]	[23, 24, 25, 26, 33]	[23]	[23]	[23]	[23]
255	21	[29]	[29]	[29]	[29]	[29]	[29]
255	22	[29]	[32]	[]	[]	[]	[]
255	23	[33, 34, 35]	[30, 31, 33, 34, 35]	[33]	[31, 33]	[31, 33, 35]	[33]
255	24	[38]	[36, 37, 38]	[37]	[36, 37]	[37]	[37]
255	26	[43]	[40, 43, 45]	[40]	[40, 43]	[40]	[40]
255	27	[50, 51]	[50, 51]	[51]	[50, 51]	[51]	[51]
255	28	[48, 49]	[42, 46, 47, 48, 49]	[48]	[47, 48]	[47, 48, 49]	[48, 49]
255	29	[44]	[41, 44]	[44]	[44]	[44]	[44]
256	0	[8]	[8]	[8]	[8]	[8]	[8]
256	1	[]	[]	[]	[]	[]	[]
256	2	[0]	[0]	[0]	[0]	[0]	[0]
256	3	[1]	[1]	[1]	[1]	[1]	[1]
256	4	[3]	[3]	[3]	[3]	[3]	[3]
256	5	[]	[2]	[]	[2]	[2]	[2]
256	6	[4]	[4]	[4]	[4]	[4]	[4]
256	7	[6]	[5, 6]	[6]	[5, 6]	[6]	[6]
256	8	[7]	[7]	[7]	[7]	[7]	[7]
256	10	[16]	[16]	[16]	[16]	[16]	[16]
256	11	[10]	[10]	[10]	[10]	[10]	[10]
256	12	[]	[]	[]	[]	[]	[]
256	13	[12]	[11, 12]	[12]	[12]	[12]	[12]
256	14	[17]	[17]	[17]	[17]	[17]	[17]
256	15	[14]	[13, 14, 15]	[14]	[13, 14]	[14]	[14]
257	0	[]	[]	[]	[]	[]	[]
257	1	[3]	[0]	[0]	[0]	[0]	[0]
257	2	[]	[]	[]	[]	[]	[]
257	3	[4]	[4]	[4]	[4]	[4]	[4]
257	4	[5]	[3, 5]	[5]	[3, 5]	[5]	[5]
257	5	[10]	[10]	[10]	[10]	[10]	[10]
257	6	[14]	[11, 13, 14]	[14]	[11, 14]	[14]	[14]
257	7	[15]	[12, 15]	[15]	[12, 13, 15]	[15]	[15]
257	8	[9]	[2, 9, 38]	[9]	[9]	[9]	[9]
257	9	[8]	[8, 37]	[8]	[8]	[8]	[8]
257	10	[16]	[7]	[7]	[7]	[7]	[7]
257	11	[]	[18]	[18]	[18]	[18]	[18]
257	12	[17, 18]	[16, 17]	[17]	[16, 17]	[17]	[17]
257	13	[23]	[23]	[23]	[23]	[23]	[23]
257	14	[24]	[22, 24, 34]	[24]	[24, 56]	[24]	[24]
257	15	[26]	[25, 26, 27]	[26]	[25, 26]	[26]	[26]
257	16	[20, 21, 22]	[1, 19, 20, 21]	[20]	[19, 20]	[20]	[20]
257	18	[32]	[29, 30]	[29]	[29]	[29]	[29]
257	19	[]	[]	[]	[]	[]	[]
257	20	[33]	[]	[]	[]	[]	[]
257	21	[34]	[31, 38, 41]	[41]	[34, 41]	[41]	[41]
257	22	[39]	[32, 39]	[39]	[39]	[39]	[39]
257	23	[43]	[33, 40, 43]	[43]	[40, 43]	[43]	[43]
257	24	[44]	[44]	[44]	[44]	[44]	[44]
257	25	[45]	[42, 45]	[45]	[42, 45]	[45]	[45]
257	26	[51, 52]	[36]	[36]	[36]	[36]	[36]
257	27	[]	[]	[]	[]	[]	[]
257	28	[]	[52]	[]	[]	[52]	[]
257	29	[55]	[55]	[55]	[55]	[55]	[55]
257	30	[56]	[56]	[56]	[56]	[56]	[56]
257	31	[57]	[48, 49, 57, 76]	[57]	[48, 49, 57]	[57]	[57]
257	32	[47, 49]	[46, 47, 50]	[47]	[46, 47]	[47]	[47]
257	33	[54]	[53, 54]	[54]	[53, 54]	[54]	[54]
257	35	[61]	[59, 61]	[61]	[59, 61]	[59, 61]	[61]
257	36	[]	[]	[]	[]	[]	[]
257	37	[62]	[62]	[62]	[62]	[62]	[62]
257	38	[63]	[60, 63]	[63]	[63]	[63]	[63]
257	39	[64]	[60, 64]	[64]	[64]	[64]	[64]
257	40	[66]	[66, 69]	[69]	[66, 69]	[66, 69]	[66]
257	41	[]	[72]	[]	[72]	[72]	[]
257	42	[70, 72]	[70]	[70]	[70]	[70]	[70]
257	43	[74]	[73, 74]	[74]	[73, 74]	[74]	[74]
257	44	[75]	[51, 75]	[75]	[75]	[75]	[75]
257	45	[76]	[71]	[76]	[76]	[76]	[76]
257	46	[79]	[79]	[79]	[79]	[]	[]
257	47	[80]	[80]	[80]	[80]	[80]	[80]
257	48	[78]	[77, 78]	[78]	[77, 78]	[77, 78]	[78]
257	49	[81]	[81]	[81]	[81]	[81]	[81]
257	50	[79]	[80]	[]	[80]	[79]	[79]
257	51	[80]	[82]	[82]	[82]	[82]	[82]
257	52	[83]	[83]	[83]	[83]	[83]	[83]
257	53	[84]	[84]	[84]	[84]	[84]	[84]
257	54	[85]	[85]	[85]	[85]	[85]	[85]
257	55	[86]	[86]	[86]	[86]	[86]	[86]
257	57	[94]	[67, 94]	[94]	[94]	[94]	[94]
257	58	[88]	[88]	[88]	[88]	[88]	[88]
257	59	[92]	[92]	[92]	[92]	[92]	[92]
257	60	[90]	[90]	[90]	[89, 90]	[90]	[90]
257	61	[91]	[89, 91]	[91]	[91]	[91]	[91]
257	62	[93]	[93, 99]	[93]	[93]	[93]	[93]
257	63	[95]	[68, 95]	[95]	[68, 95]	[95]	[95]
257	65	[96]	[96]	[96]	[96]	[96]	[96]
257	66	[97, 98, 99]	[97, 99]	[101]	[99, 101]	[97, 101]	[101]
257	67	[102]	[100, 101, 102]	[102]	[100, 102]	[100, 102]	[100, 102]
257	68	[107]	[107]	[107]	[107]	[107]	[107]
257	69	[103]	[103, 105, 106]	[103]	[103, 105]	[103]	[103]
257	70	[109]	[109]	[109]	[109]	[109]	[109]
257	71	[110]	[110]	[110]	[110]	[110]	[110]
257	72	[108]	[104, 108]	[108]	[108]	[108]	[108]
258	0	[2]	[1]	[1]	[1]	[1]	[1]
258	1	[0]	[0]	[0]	[0]	[0]	[0]
258	2	[6]	[5, 6]	[6]	[5, 6]	[6]	[6]
258	3	[7]	[7]	[7]	[7]	[7]	[7]
258	4	[4]	[2, 3, 4]	[4]	[4]	[4]	[4]
258	5	[9]	[8, 9]	[9]	[8, 9]	[9]	[9]
258	6	[13, 14]	[10, 11, 12, 13, 14]	[10, 11, 14]	[10, 11, 13, 14]	[10, 11, 14]	[10, 11, 14]
258	8	[16]	[16]	[16]	[16]	[16]	[16]
258	9	[20]	[20]	[20]	[20]	[20]	[20]
258	10	[21]	[21]	[21]	[21]	[21]	[21]
258	11	[19]	[17, 19]	[19]	[19]	[19]	[19]
258	12	[22]	[22]	[22]	[22]	[22]	[22]
258	13	[26]	[23, 26]	[26]	[26]	[26]	[26]
258	14	[27]	[27, 31]	[27]	[27, 31]	[27, 31]	[27, 31]
258	15	[]	[18, 30]	[30]	[30]	[30]	[30]
258	16	[36]	[34, 35, 36]	[36]	[34, 36]	[36]	[36]
258	17	[31]	[32, 33]	[33]	[32, 33]	[33]	[33]
258	18	[28]	[24, 28]	[24]	[24, 28]	[24]	[24]
258	19	[29]	[25, 29]	[29]	[29]	[25, 29]	[29]
259	0	[0]	[0]	[0]	[0]	[0]	[0]
259	1	[]	[]	[]	[]	[]	[]
259	2	[]	[]	[]	[]	[]	[]
259	3	[1]	[1]	[1]	[1]	[1]	[1]
259	4	[3]	[3]	[3]	[3]	[3]	[3]
259	5	[]	[]	[]	[]	[]	[]
259	6	[4]	[4]	[4]	[4]	[4]	[4]
259	7	[2]	[2]	[2]	[2]	[2]	[2]
259	8	[6, 8]	[6, 7, 8]	[6]	[6]	[6]	[6]
259	9	[10]	[5, 9, 10]	[10]	[9, 10]	[10]	[10]
259	10	[11]	[11]	[11]	[11]	[11]	[11]
259	12	[13]	[13]	[13]	[13]	[13]	[13]
259	13	[15]	[14, 15, 29, 30]	[15]	[14, 15, 30]	[15]	[15]
259	14	[16]	[16]	[16]	[16]	[16]	[16]
259	15	[20]	[19, 20]	[19, 20]	[19, 20]	[19, 20]	[19, 20]
259	16	[21]	[21, 22, 28]	[21]	[21, 22]	[21]	[21]
259	17	[18]	[17, 18, 32, 33]	[18]	[17, 18, 33]	[18]	[18]
259	18	[24, 25]	[24, 25]	[25]	[24, 25]	[25]	[25]
259	19	[26]	[26]	[26]	[26]	[26]	[26]
259	20	[27, 28]	[27]	[27]	[27]	[27]	[27]
259	21	[31]	[31]	[31]	[31]	[31]	[31]
259	22	[37, 38, 39]	[38, 39]	[39]	[39]	[39]	[39]
259	23	[35]	[34, 35, 36, 37]	[35]	[34, 35]	[35]	[35]
260	0	[]	[1]	[1]	[1]	[1]	[1]
260	1	[0]	[0]	[0]	[0]	[0]	[0]
260	2	[2]	[2]	[2]	[2]	[2]	[2]
260	3	[1]	[]	[]	[]	[]	[]
260	4	[3]	[3]	[3]	[3]	[3]	[3]
260	5	[4]	[4]	[4]	[4]	[4]	[4]
260	6	[5, 6]	[5, 6]	[5]	[5, 6]	[5]	[5]
260	7	[8]	[8]	[8]	[8]	[8]	[8]
260	8	[9]	[7, 9]	[9]	[7, 9]	[9]	[9]
260	9	[11, 12]	[10, 11]	[11]	[11]	[11]	[11]
260	10	[14]	[12, 13, 14]	[14]	[13, 14]	[14]	[14]
261	0	[10]	[10]	[10]	[10]	[10]	[10]
261	1	[0]	[0]	[0]	[0]	[0]	[0]
261	2	[]	[5]	[]	[6]	[6]	[6]
261	3	[9]	[9]	[9]	[9]	[9]	[9]
261	4	[8]	[8]	[8]	[8]	[8]	[8]
261	5	[12]	[12]	[12]	[12]	[12]	[12]
261	6	[13, 14]	[6, 13, 14]	[13, 14]	[13, 14]	[13, 14]	[14]
261	7	[16, 17]	[2, 16, 17]	[17]	[16, 17]	[17]	[17]
261	8	[18]	[18, 19]	[18]	[18]	[18]	[18]
261	9	[11]	[4, 11]	[11]	[11]	[11]	[11]
261	10	[]	[]	[]	[]	[]	[]
261	11	[22]	[21, 22]	[24]	[24]	[24]	[24]
261	12	[]	[]	[]	[]	[]	[]
261	13	[24]	[24, 26]	[26]	[26]	[26]	[26]
261	14	[]	[]	[]	[]	[]	[]
261	15	[26]	[28]	[28]	[28]	[28]	[28]
261	16	[]	[]	[]	[]	[]	[]
261	17	[28]	[]	[]	[]	[28]	[]
261	18	[]	[]	[]	[]	[]	[]
261	19	[30]	[30]	[30]	[30]	[30]	[30]
261	20	[32]	[32]	[32]	[32]	[32]	[32]
261	21	[33]	[33, 34]	[33]	[33, 34]	[33]	[33]
261	22	[35]	[35]	[35]	[35]	[35]	[35]
261	23	[]	[3, 36]	[36]	[36]	[36]	[36]
261	24	[36]	[36, 37, 38]	[36]	[36, 37]	[36]	[36]
261	26	[45]	[44]	[]	[]	[]	[]
261	27	[40]	[40]	[40]	[40]	[40]	[40]
261	28	[41]	[41]	[41]	[41]	[41]	[41]
261	29	[43]	[42, 43]	[43]	[42, 43]	[43]	[43]
261	30	[49]	[48, 49, 50]	[49]	[49, 50]	[49]	[49]
261	31	[47]	[47]	[47]	[47]	[47]	[47]
261	32	[46, 50]	[45, 46]	[46]	[46]	[46]	[46]
261	34	[53]	[52, 53, 54]	[53]	[52, 53]	[53]	[53]
262	0	[2]	[1, 2]	[2]	[1, 2]	[2]	[2]
262	1	[0]	[0]	[0]	[0]	[0]	[0]
262	2	[3]	[3]	[3]	[3]	[3]	[3]
262	3	[6]	[4, 5, 6]	[5]	[4, 5]	[5]	[5]
262	4	[]	[8]	[8]	[8]	[8]	[]
262	5	[11]	[11]	[11]	[11]	[11]	[11]
262	6	[9]	[9, 10]	[9]	[9]	[9]	[9]
262	7	[8]	[7]	[]	[]	[]	[]
263	0	[2, 5, 6]	[2, 5, 6]	[1, 6]	[1, 2, 6]	[1, 2, 6]	[1, 2, 6]
263	1	[0]	[0, 1]	[0]	[0]	[0]	[0]
263	2	[7]	[7]	[7]	[7]	[7]	[7]
263	3	[11]	[8, 11]	[11]	[11]	[11]	[11]
263	4	[13]	[10, 13]	[13]	[13]	[13]	[13]
263	5	[12]	[9, 12]	[12]	[12]	[12]	[12]
263	6	[14]	[14]	[14]	[14]	[14]	[14]
263	7	[15]	[8, 15]	[15]	[15]	[15]	[15]
263	8	[]	[]	[]	[]	[]	[]
263	9	[16, 17]	[3, 4, 16, 17]	[17]	[16, 17]	[17]	[17]
263	10	[18]	[18]	[18]	[18]	[18]	[18]
263	12	[20, 21, 22]	[20, 22]	[22]	[20, 22]	[20, 22]	[22]
263	13	[19]	[19, 21]	[19]	[19]	[19]	[19]
263	14	[23]	[23, 25]	[23]	[23]	[23]	[23]
263	16	[29]	[27, 28, 29]	[29]	[28, 29]	[29]	[29]
263	18	[31]	[31]	[31]	[31]	[31]	[31]
263	19	[37]	[36, 37]	[]	[36]	[36]	[36]
263	20	[32]	[32]	[32]	[32]	[32]	[32]
263	21	[34]	[33, 34, 35]	[34]	[33, 34]	[34]	[34]
263	22	[39]	[38, 39]	[39]	[38, 39]	[39]	[39]
263	23	[]	[]	[]	[]	[]	[]
263	24	[43]	[42, 43]	[43]	[43]	[43]	[43]
263	25	[41]	[40, 41]	[41]	[40, 41]	[41]	[41]
263	27	[]	[45]	[45]	[45]	[45]	[45]
263	28	[]	[45, 46, 47, 48]	[47]	[46, 47]	[46, 47]	[47]
263	29	[44]	[]	[]	[]	[]	[]
263	31	[51]	[50, 51]	[51]	[51]	[51]	[51]
263	32	[53]	[53]	[53]	[53]	[53]	[53]
263	33	[52]	[52]	[52]	[52]	[52]	[52]
263	34	[54]	[54]	[54]	[54]	[54]	[54]
264	0	[2]	[1, 2, 3]	[2]	[1, 2]	[2]	[2]
264	1	[0]	[0]	[0]	[0]	[0]	[0]
264	2	[4]	[4]	[4]	[4]	[4]	[4]
264	3	[5]	[5, 14]	[5]	[5]	[5]	[5]
264	4	[]	[13]	[13]	[13]	[13, 14]	[14]
264	5	[15]	[12, 15]	[15]	[15]	[15]	[15]
264	6	[17]	[16, 17]	[17]	[16, 17]	[17]	[17]
264	7	[]	[6, 7]	[6, 7]	[6, 7]	[6, 7]	[6, 7]
264	8	[10]	[10]	[10]	[10]	[10]	[10]
264	9	[11]	[11]	[11]	[11]	[11]	[11]
264	10	[9]	[8, 9]	[9]	[8, 9]	[9]	[9]
264	11	[]	[]	[]	[]	[]	[]
264	12	[19]	[22]	[]	[]	[]	[]
264	13	[20]	[19, 20]	[20]	[19, 20]	[20]	[20]
264	14	[]	[]	[]	[]	[]	[]
264	15	[23]	[23]	[23]	[23]	[23]	[23]
264	16	[25]	[25]	[25]	[25]	[25]	[25]
264	17	[27]	[27]	[27]	[26, 27]	[27]	[27]
264	19	[34, 35, 36, 37]	[34, 35, 36, 37]	[34]	[34, 35]	[34]	[34]
264	20	[29]	[]	[]	[]	[]	[]
264	21	[31]	[30, 31, 32]	[31]	[30, 31]	[31]	[31]
264	22	[]	[]	[]	[]	[]	[]
264	23	[]	[38]	[38]	[38]	[38]	[38]
264	24	[39]	[33]	[]	[33]	[33, 39]	[]
264	25	[]	[26]	[]	[]	[]	[]
264	26	[33]	[33, 39]	[33, 39]	[33, 39]	[33, 39]	[33, 39]
264	28	[41]	[41]	[41]	[41]	[41]	[41]
264	29	[]	[29]	[29]	[29]	[29]	[29]
264	30	[44]	[42, 44]	[44]	[42, 44]	[44]	[44]
264	31	[]	[49]	[]	[]	[49]	[49]
264	32	[47]	[46, 47]	[]	[47]	[]	[]
264	33	[43]	[43, 50]	[43]	[43]	[43]	[43]
264	34	[53]	[51, 53]	[53]	[53]	[53]	[53]
264	35	[54]	[54]	[54]	[54]	[54]	[54]
264	36	[]	[]	[]	[]	[]	[]
264	37	[55, 56]	[55, 56]	[56]	[55, 56]	[56]	[56]
264	38	[50, 51, 52]	[50, 52]	[50]	[50]	[50]	[50]
265	0	[1]	[0, 1]	[1]	[0, 1]	[1]	[1]
265	1	[]	[]	[]	[]	[]	[]
265	2	[2]	[2]	[2]	[2]	[2]	[2]
265	3	[3]	[3]	[3]	[3]	[3]	[3]
265	4	[7]	[7]	[7]	[7]	[7]	[7]
265	5	[4, 6]	[4, 6]	[6]	[6]	[6]	[6]
265	7	[11]	[11]	[11]	[11]	[11]	[11]
265	8	[9]	[9, 10]	[9]	[9]	[9]	[9]
265	9	[12]	[12]	[12]	[12]	[12]	[12]
265	10	[13]	[13]	[13]	[13]	[13]	[13]
265	11	[14]	[14]	[14]	[14]	[14]	[14]
265	12	[15]	[15]	[15]	[15]	[15]	[15]
265	13	[16, 18]	[18]	[18]	[18]	[18]	[18]
265	14	[]	[16]	[16]	[16]	[16]	[16]
265	15	[19]	[19]	[19]	[19]	[19]	[19]
265	16	[24]	[24]	[24]	[24]	[24]	[24]
265	17	[22]	[22]	[22]	[22]	[22]	[22]
265	18	[23]	[23]	[23]	[23]	[23]	[23]
265	19	[21]	[20, 21]	[21]	[20, 21]	[21]	[21]
265	20	[27, 28, 29]	[28]	[28]	[28]	[28]	[28]
265	21	[27, 28, 29]	[]	[]	[]	[]	[]
265	22	[27, 28, 29]	[27, 29]	[29]	[27, 29]	[29]	[29]
265	23	[26]	[26]	[26]	[26]	[26]	[26]
265	24	[25]	[25]	[25]	[25]	[25]	[25]
266	0	[2]	[1, 2]	[2]	[1, 2]	[2]	[2]
266	1	[0]	[0]	[0]	[0]	[0]	[0]
266	2	[3]	[3, 4]	[3]	[3]	[3]	[3]
266	3	[4]	[4]	[]	[]	[4]	[4]
266	4	[6]	[5, 6]	[6]	[6]	[6]	[6]
266	5	[7]	[7]	[7]	[7]	[7]	[7]
266	6	[8]	[8]	[8]	[8]	[8]	[8]
266	8	[12]	[12]	[12]	[12]	[12]	[12]
266	9	[10]	[10]	[10]	[10]	[10]	[10]
266	10	[16]	[16]	[16]	[16]	[16]	[16]
266	11	[14]	[14]	[14]	[14]	[14]	[14]
266	12	[15]	[11, 15]	[15]	[15]	[15]	[15]
266	13	[13]	[13]	[13]	[13]	[13]	[13]
266	14	[17]	[17]	[17]	[17]	[17]	[17]
266	15	[19]	[18, 19]	[19]	[18, 19]	[19]	[19]
266	16	[20]	[20]	[20]	[20]	[20]	[20]
266	17	[21]	[21]	[21]	[21]	[21]	[21]
266	18	[23]	[23]	[23]	[23]	[23]	[23]
266	19	[24]	[24]	[24]	[24]	[24]	[24]
266	20	[25]	[25]	[25]	[25]	[25]	[25]
266	21	[22]	[22]	[22]	[22]	[22]	[22]
267	0	[4]	[3, 4]	[4]	[3, 4]	[4]	[4]
267	1	[0]	[1]	[0]	[0, 1]	[0]	[0]
267	2	[1]	[]	[]	[]	[]	[]
267	3	[6, 8]	[6, 8]	[8]	[8]	[8]	[8]
267	4	[10]	[9, 10]	[10]	[9, 10]	[10]	[10]
267	5	[11]	[11]	[11]	[11]	[11]	[11]
267	6	[12]	[12]	[12]	[12]	[12]	[12]
267	8	[16]	[16]	[16]	[16]	[16]	[16]
267	9	[14]	[0, 14]	[14]	[14]	[14]	[14]
267	10	[20]	[20]	[20]	[20]	[20]	[20]
267	11	[18]	[1, 18]	[18]	[18]	[18]	[18]
267	12	[19]	[15, 19, 44]	[19]	[19]	[19]	[19]
267	13	[17]	[17]	[17]	[17]	[17]	[17]
267	14	[21]	[21, 24]	[21]	[21, 24]	[21]	[21]
267	15	[23]	[5, 22, 23]	[23]	[22, 23]	[23]	[23]
267	16	[25]	[25]	[25]	[25]	[25]	[]
267	17	[26]	[26]	[26]	[26]	[26]	[26]
267	18	[28]	[28]	[28]	[28]	[28]	[28]
267	19	[]	[30, 31]	[31]	[30, 31]	[31]	[31]
267	20	[29]	[27, 29]	[29]	[27, 29]	[29]	[29]
267	21	[35]	[34, 35]	[35]	[34, 35]	[35]	[35]
267	22	[]	[32]	[32]	[32]	[32]	[32]
267	23	[36]	[36]	[36]	[36]	[36]	[36]
267	24	[]	[]	[]	[]	[]	[]
267	25	[39]	[33, 39, 40]	[39]	[39]	[39]	[39]
267	26	[37]	[37]	[37]	[37]	[37]	[37]
267	27	[38]	[38]	[38]	[38]	[38]	[38]
267	29	[42]	[42]	[42]	[42]	[42]	[42]
267	30	[51]	[43, 50, 51]	[51]	[50, 51]	[50, 51]	[50, 51]
267	31	[55]	[55]	[55]	[55]	[55]	[55]
267	32	[57]	[48, 57]	[57]	[57]	[57]	[57]
267	33	[59]	[58, 59]	[59]	[59]	[59]	[59]
267	34	[56]	[46, 54, 56]	[56]	[54, 56]	[56]	[56]
267	35	[52]	[52]	[52]	[52]	[52]	[52]
267	36	[53]	[53]	[53]	[53]	[53]	[53]
267	38	[60]	[60]	[60]	[60]	[60]	[60]
267	39	[61]	[61]	[61]	[61]	[61]	[61]
267	40	[62]	[49, 62]	[62]	[62]	[62]	[62]
267	41	[63]	[45, 63]	[63]	[63]	[63]	[63]
267	43	[67]	[65, 66, 67]	[67]	[66, 67]	[67]	[67]
267	44	[68]	[68]	[68]	[68]	[68]	[68]
267	45	[69]	[69]	[69]	[69]	[69]	[69]
267	46	[71]	[47, 70, 71]	[71]	[70, 71]	[71]	[71]
268	0	[3]	[0, 2, 3]	[3]	[2, 3]	[3]	[3]
268	1	[0]	[]	[]	[]	[0]	[0]
268	2	[5]	[0, 4, 5]	[5]	[4, 5]	[4, 5]	[5]
268	3	[6]	[8, 9]	[]	[9]	[]	[]
268	4	[]	[]	[]	[]	[]	[]
268	5	[9]	[6, 7]	[6]	[6]	[6]	[6]
268	7	[14]	[11]	[11]	[11]	[11]	[11]
268	8	[]	[]	[]	[]	[]	[]
268	9	[11]	[12, 13, 14]	[14]	[14]	[14]	[14]
268	11	[18]	[17, 18]	[18]	[18]	[18]	[18]
268	12	[16]	[16]	[16]	[16]	[16]	[16]
268	14	[20]	[20, 21]	[20]	[20]	[20]	[20]
268	15	[22]	[22]	[22]	[21, 22]	[22]	[22]
268	16	[24]	[23, 24]	[24]	[24]	[24]	[24]
268	18	[27]	[26, 27]	[27]	[26, 27]	[27]	[27]
268	20	[28]	[28]	[28]	[28]	[28]	[28]
268	21	[31]	[31]	[31]	[31]	[31]	[31]
268	22	[32]	[32]	[32]	[32]	[32]	[32]
268	23	[33]	[33]	[33]	[33]	[33]	[33]
268	24	[29, 30]	[24, 29, 30]	[29]	[29]	[29]	[29]
269	0	[0]	[0]	[0]	[0]	[0]	[0]
269	1	[]	[]	[]	[]	[]	[]
269	2	[1]	[1]	[1]	[1]	[1]	[1]
269	3	[4]	[3, 4]	[4]	[3, 4]	[4]	[4]
269	4	[]	[]	[]	[]	[]	[]
269	5	[6]	[5, 6, 11]	[6]	[5, 6]	[6]	[6]
269	6	[7]	[7]	[7]	[7]	[7]	[7]
269	7	[9, 10, 11]	[8, 9, 10, 11]	[9]	[8, 9]	[9]	[9]
270	0	[9]	[9]	[9]	[9]	[9]	[9]
270	1	[]	[]	[]	[]	[]	[]
270	2	[2]	[2]	[2]	[2]	[2]	[2]
270	3	[12]	[12]	[12]	[12]	[12]	[12]
270	4	[13]	[13]	[13]	[13]	[13]	[13]
270	5	[14]	[14]	[14]	[14]	[14]	[14]
270	6	[15]	[10, 11, 15, 16]	[15]	[15, 16]	[15]	[15]
270	7	[16]	[]	[]	[]	[]	[]
270	8	[17]	[17, 27]	[17]	[17]	[17]	[17]
270	9	[6]	[6, 22]	[6]	[6]	[6]	[6]
270	10	[7]	[7, 28, 29]	[7]	[7, 29]	[7]	[7]
270	11	[0]	[0, 5]	[0]	[0]	[0]	[0]
270	12	[8]	[4, 8, 24]	[8]	[8]	[8]	[8]
270	14	[20]	[20, 25]	[20]	[20, 25]	[20]	[20]
270	15	[21]	[21]	[21]	[21]	[21]	[21]
270	16	[19]	[19, 30]	[30]	[19, 30]	[19, 30]	[30]
270	17	[32]	[32]	[32]	[32]	[32]	[32]
270	18	[33]	[26, 33]	[33]	[26, 33]	[33]	[33]
270	19	[34, 35]	[31, 34, 35]	[34]	[34, 35]	[34]	[34]
270	20	[31]	[23, 31]	[31]	[31]	[31]	[31]
271	0	[]	[]	[]	[1]	[1]	[1]
271	1	[]	[0]	[0]	[0]	[0]	[0]
271	2	[0]	[4, 6]	[6]	[4, 6]	[6]	[6]
271	3	[1]	[1]	[1]	[1]	[1]	[1]
271	4	[2, 3]	[2, 3]	[2, 3]	[2, 3]	[2, 3]	[2, 3]
271	5	[7]	[5, 7]	[7]	[7]	[7]	[7]
271	6	[9]	[8, 9]	[9]	[9]	[9]	[9]
271	8	[12]	[12]	[12]	[12]	[12]	[12]
271	9	[13]	[11, 13, 26]	[13]	[13]	[13]	[13]
271	10	[14]	[]	[]	[]	[14]	[14]
271	11	[]	[]	[]	[]	[14]	[]
271	12	[]	[]	[]	[]	[14]	[]
271	13	[18]	[18, 20]	[18]	[18]	[18]	[18]
271	14	[22]	[21, 22]	[22]	[21, 22]	[22]	[22]
271	15	[17]	[14, 15, 16, 17]	[15, 17]	[15, 17]	[15, 17]	[15, 17]
271	16	[24, 25, 26]	[23, 24, 26, 39]	[24]	[23, 24]	[23, 24]	[24]
271	17	[]	[38]	[]	[]	[]	[]
271	18	[33]	[33]	[33]	[33]	[33]	[33]
271	19	[34]	[25, 34]	[25]	[25, 34]	[25]	[25]
271	20	[35, 36]	[35, 36]	[36]	[36]	[35, 36]	[35, 36]
271	22	[28]	[28]	[28]	[28]	[28]	[28]
271	23	[30, 31]	[29, 30, 31]	[30, 31]	[29, 30, 31]	[29, 30, 31]	[29, 30, 31]
271	25	[]	[40]	[]	[]	[]	[]
271	26	[45]	[44, 45, 51]	[45]	[45]	[45]	[45]
271	27	[43]	[41, 42, 43, 49]	[43]	[41, 43]	[41, 43]	[41]
271	28	[46]	[46]	[46]	[46]	[46]	[46]
271	29	[47]	[47]	[47]	[47]	[47]	[47]
271	30	[48]	[48]	[48]	[48]	[48]	[48]
271	31	[54, 56]	[50, 52, 54]	[56]	[53, 56]	[56]	[56]
271	33	[65]	[64, 65]	[65]	[64, 65]	[65]	[65]
271	34	[58]	[58]	[58]	[58]	[58]	[58]
271	35	[59]	[59]	[59]	[59]	[59]	[59]
271	36	[]	[]	[]	[]	[]	[]
271	37	[60, 61, 62]	[60, 61, 62]	[62]	[60, 62]	[60, 62]	[62]
271	38	[69]	[69]	[69]	[69]	[69]	[69]
271	39	[71]	[53, 56, 70, 71]	[71]	[70, 71]	[71]	[71]
271	40	[67]	[67, 68]	[67]	[67]	[67]	[67]
271	42	[81, 83, 84, 85]	[81, 85]	[81]	[81]	[81]	[81]
271	43	[73]	[73]	[73]	[73]	[73]	[73]
271	44	[78]	[78]	[78]	[78]	[78]	[78]
271	45	[75]	[74, 75]	[75]	[74, 75]	[75]	[75]
271	46	[76]	[76]	[76]	[76]	[76]	[76]
271	47	[82]	[80, 82]	[82]	[80, 82]	[82]	[82]
271	48	[87]	[84, 86, 87]	[87]	[86, 87]	[87]	[87]
271	49	[88]	[88]	[88]	[88]	[88]	[88]
271	50	[]	[83, 85]	[]	[]	[85]	[]
271	51	[90]	[90]	[90]	[90]	[90]	[90]
271	52	[95]	[95]	[95]	[95]	[95]	[95]
271	53	[93]	[91, 92, 93]	[93]	[91, 93]	[93]	[93]
271	54	[97]	[94, 97]	[97]	[94, 97]	[97]	[97]
271	55	[98]	[19, 98]	[98]	[98]	[98]	[98]
271	56	[99]	[96, 99]	[99]	[99]	[99]	[99]
272	0	[]	[]	[]	[]	[]	[]
272	1	[0]	[0]	[0]	[0]	[0]	[0]
272	2	[]	[]	[]	[]	[]	[]
272	3	[3]	[1, 2, 3]	[3]	[2, 3]	[3]	[3]
272	5	[6]	[6]	[6]	[6]	[6]	[6]
272	6	[7]	[5, 7]	[7]	[5, 7]	[7]	[7]
272	7	[8]	[8]	[8]	[8]	[8]	[8]
272	8	[9]	[9]	[9]	[9]	[9]	[9]
272	9	[10, 11]	[10, 11]	[11]	[11]	[11]	[11]
272	11	[14]	[14]	[14]	[14]	[14]	[14]
272	12	[13]	[13]	[13]	[13]	[13]	[13]
272	13	[17, 18]	[17, 18]	[17]	[17, 18]	[17, 18]	[17]
272	14	[16]	[15, 16]	[16]	[15, 16]	[16]	[16]
272	15	[]	[]	[]	[]	[]	[]
272	16	[19]	[19]	[19]	[19]	[19]	[19]
272	18	[22, 23]	[21, 22, 23]	[22, 23]	[21, 22, 23]	[22, 23]	[22, 23]
272	19	[]	[]	[]	[]	[]	[]
272	20	[24]	[24]	[24]	[24]	[24]	[24]
272	21	[25]	[25]	[25]	[25]	[25]	[25]
272	22	[26]	[26]	[26]	[26]	[26]	[26]
272	24	[31]	[30, 31]	[31]	[30, 31]	[31]	[31]
272	25	[28]	[28]	[28]	[28]	[28]	[28]
272	26	[29]	[29]	[29]	[29]	[29]	[29]
272	27	[32, 33]	[32, 33]	[32, 33]	[32, 33]	[32, 33]	[32, 33]
272	28	[]	[34]	[34]	[34]	[34]	[34]
272	29	[35]	[35]	[35]	[35]	[35]	[35]
273	0	[4]	[4]	[4]	[4]	[4]	[4]
273	1	[]	[]	[]	[]	[]	[]
273	2	[3]	[3]	[3]	[3]	[3]	[3]
273	3	[0]	[0]	[0]	[0]	[0]	[0]
273	4	[2]	[1, 2, 5]	[2]	[1, 2]	[2]	[2]
273	5	[5]	[5, 7]	[7]	[7]	[7]	[7]
273	6	[8]	[8]	[8]	[8]	[8]	[8]
273	7	[11]	[11, 12]	[11]	[10, 11]	[11]	[11]
273	8	[13]	[13, 21, 28]	[13]	[13, 21]	[13]	[13]
273	9	[14]	[14]	[14]	[14]	[14]	[14]
273	10	[20]	[20]	[20]	[20]	[20]	[20]
273	11	[22]	[]	[]	[]	[]	[]
273	12	[17]	[16, 17]	[]	[17]	[17]	[17]
273	13	[18]	[6, 18]	[18]	[18]	[18]	[18]
273	14	[19]	[7, 22]	[22]	[22]	[22]	[22]
273	16	[27]	[10, 27]	[27]	[27]	[27]	[27]
273	17	[]	[]	[]	[]	[]	[]
273	18	[29, 30]	[17, 29, 30]	[17]	[17]	[17]	[17]
273	19	[31]	[31]	[31]	[31]	[31]	[31]
273	20	[33]	[19, 33]	[33]	[33]	[19, 33]	[33]
273	21	[32]	[32]	[32]	[32]	[32]	[32]
273	23	[36]	[35, 36]	[]	[]	[36]	[]
273	24	[]	[]	[]	[]	[]	[]
273	25	[]	[]	[]	[]	[]	[]
273	26	[37]	[24, 25, 26, 37]	[37]	[36, 37]	[37]	[37]
273	28	[40]	[39, 40]	[39]	[39, 40]	[39]	[39]
273	29	[]	[]	[]	[]	[]	[]
273	31	[43, 44, 45]	[43, 44, 45]	[44]	[43, 44]	[44]	[44]
273	32	[46]	[46]	[46]	[46]	[46]	[46]
273	34	[49, 51, 53, 54]	[47, 51]	[47]	[47]	[47]	[47]
273	35	[49, 51, 53, 54]	[48, 49, 53]	[49]	[49, 53]	[49, 53]	[49]
273	36	[42]	[41, 42, 54]	[42]	[41, 42]	[42]	[42]
